lua_name	calls_in_scripts
Include	6853
Msg2Player	5488
Say	5349
floor	4638
Talk	4558
getn	3782
GetTask	3771
main	3095
SetTask	2864
GetName	2220
Param2String	2154
Link	2053
tinsert	1951
GetData	1910
random	1848
nt_getTask	1478
SkillExpFunc	1387
nt_setTask	1355
NewWorld	1336
n	1122
sqrt	1082
GetMissionV	1040
Dan_Deng	946
GetSkillLevelData	880
Describe	789
date	770
IncludeLib	755
SetMissionV	735
GetAccount	730
GetParam	659
CreateTaskSay	656
GiveAwardByList	651
f	639
Getskill_cost_v	630
mod	590
new	501
SetTaskTemp	490
SubWorldID2Idx	484
assertTrue	478
SubWorldIdx2ID	450
OnDeath	435
Msg2MSAll	411
i	397
ng	364
New	344
GetNpcParam	322
Pay	320
CreateNewSayEx	317
GetWorldPos	315
GetCurCamp	308
AddOptEntry	296
GetFaction	287
GetMSPlayerCount	284
SetNpcParam	276
SetCurCamp	272
GetCash	272
GetTaskTemp	271
BT_GetGameData	268
BT_GetData	267
GetMissionS	249
GetGlbValue	238
no	238
BT_SortWorldLadder	234
ao	232
GetIniFileData	231
BT_SetData	225
GetCamp	222
AddTermini	221
SetLogoutRV	219
Line	217
GetItemParam	216
getCell	215
strsub	214
Give	213
Conic	213
Extrac	213
FALSE	211
GetGameTime	199
strfind	194
SetRevPos	194
GetSeries	194
u	192
t	178
GetSex	178
SetNpcScript	174
GetLastFactionNumber	172
ForbidChangePK	170
SkillExp	168
OnTimer	167
Getaddphysicsdamage_p	166
GetGiveItemUnit	165
OnMessage	162
OnCancel	158
Getphysicsenhance_p	158
nt_gettask	156
Getattackratingenhance_p	156
GetLastDiagNpc	155
GetItemCountEx	154
GetTeamMember	149
SetPunish	146
SetGlbValue	143
m	141
inherit	140
doTaskEntity	137
AddRepute	136
Getdeadlystrikeenhance_p	134
SetCreateTeam	133
Sinh	132
SetDeathScript	129
gettabfiledata	129
yes	129
SetMissionS	127
ch	127
GetExp	126
tonginfo	125
Getphysicsdamage_v	124
BT_GetTypeBonus	123
getBitTask	120
Earn	119
SelectDescribe	118
_Message	117
doFunByPlayer	115
default_talk	111
GetAttackRating	111
GetDefense	111
Destroy	110
Show	108
ITEM_SetExpiredTime	106
PlayerActionLog	102
AddTask	101
SetFaction	101
_init	100
IsCharged	100
GiveItemUI	99
wlls_descript	99
GetTabFileData	97
nt_settask	97
Getcolddamage_v	96
GetLife	95
ExpAward	95
biwu_getdata	95
SetCamp	94
PushObject	92
bt_addtotalpoint	91
MessageOut	91
strfill_center	90
callPlayerFunction	90
NpcName2Replace	89
IsActive	87
clone	87
GetDesc	86
Getfiredamage_v	86
Getlightingdamage_v	86
Msg2SubWorld	84
AddTaskDaily	84
Write	84
p	83
Get	83
ST_GetTransLifeCount	82
o	81
GetMinDamage	80
GetMaxDamage	80
PARTNER_GetCurPartner	79
c	78
OnTime	78
bt_getadata	77
GetBitValue	76
TaskName	75
GetMasterTaskState	75
gb_GetTask	74
Getpoisondamage_v	74
basemission_CallNpc	73
bt_str2xydata	73
ShowMessage	72
GetPosition	72
totempole_dec	72
ResetTask	70
OnLeave	70
PARTNER_AddFightPartner	70
join	69
PushByType	69
AddPartnerExp	69
Close	68
CountDoubleMode	68
AddExp	67
Msg2Map	67
usepack	66
IL	66
BT_BroadSelf	66
Enter	66
ForbitTrade	66
BT_SortLadder	65
PopObject	64
y	63
IsPickable	63
log10	63
CheckTask	62
DoFunByPlayer	62
GetMinAndSec	62
s	62
PickUp	62
PARTNER_AddSkill	62
log	62
assertEquals	61
SetTempRevPos	61
biwu_loadfile	61
PARTNER_GetTaskValue	59
bt_addtrap	58
RemoteExc	57
gettabfileheight	57
Start	57
GetPartnerTask	57
Push	56
nh	55
BT_SetView	55
EndMission	55
GetMapId	55
GetNpcLevelData	55
GetNpcKeyData	55
AddMSPlayer	54
BT_SetGameData	54
PARTNER_GetLevel	54
PARTNER_CallOutCurPartner	54
TaskEntity	54
call	53
gb_SetTask	53
strlen	53
GetTabFileHeight	53
OtherPlayer	53
getPlayerInfo	53
InitTaskGroup	52
GetAward	52
ComposeDailog	52
bt_add_a_diagnpc	52
GetDistanceRadius	52
wlls_npcname	52
AddActivity	51
NpcIdx2PIdx	50
Log	50
ceil	49
BroadCast	49
SetPartnerTask	49
othertong	48
setBitTask	47
ITEM_GetExpiredTime	47
GameOver	47
GetRewindTaskState	47
DelMSPlayer	46
write	45
OpenMission	45
CheckMaterial	45
safeshow	45
tl_gettaskstate	45
Leave	45
GetTaskDailyCount	44
allbrother_0801_FindNpcTaskDialog	44
allbrother_0801_CheckIsDialog	44
GetPlayer	44
player	44
Getadddefense_v	44
NumberParamTrans	43
wl_FinalTakeMatch	43
Proceed	43
PARTNER_Count	43
Init	42
Title_ActiveTitle	42
SendData	42
Reg	42
ReturnRepute	42
tl_print	42
SetMemberTask	42
GetType	41
Ladder_NewLadder	41
GetItem	41
Compose	41
WriteTaskLog	41
CheckCondition	40
pack	40
OnLevelUp	40
Find	40
Getattackrating_p	40
Dialog	39
CheckTaskDaily	38
greatnight_huang_event	38
isActive	38
BuyItem	38
IsCaptain	38
GetRoom	38
Getdeadlystrike_p	38
branchprize	38
mar_addmissionpoint	37
Prise	37
sjskill_addskill	37
GetPlayerRev	37
AddExp_Skill_Extend	37
WriteInfTB	37
GetLucky	36
learn	36
ErrorMsg	36
RV	36
losemessengertask	36
CheckDate	35
split	35
Y	35
bt_getgn_awardtimes	35
cancel	35
xiaoyang	35
LogError	35
Ladder_GetLadderInfo	34
CheckFreeBagCell	34
add	34
Msg2Team	34
GetFieldList	34
Getskill_eventskilllevel	34
Getstun_p	34
ex_add_all	34
messenger_middletime	34
getRelativeDay	34
Join	33
curpack	33
addTask	33
AddDialog	33
sf_winbouns	33
TaskNo	33
mainMenu	33
Msg2MSGroup	33
getadata	33
Linear	33
ConsumeMaterial	32
strsplit	32
sendMessage	32
groupsort	32
SetLevelData	32
PayMasterAward	32
dostring	31
add_tw	31
Create	31
storm_point2str	31
tl_gettasktablecol	31
LeaveGame	31
GetLastAddFaction	31
EatMedicine	31
TranItemNumber	31
size	31
_M	31
GetStatusEnhance_V	31
NewType	30
SetBitValue	30
Title_AddTitle	30
BT_SetTypeBonus	30
closefile	30
safe_tonumber	30
add_wd	30
add_em	30
add_sl	30
add_cy	30
add_tm	30
add_kl	30
AddStation	30
wlls_get_desc	30
Getfastwalkrun_p	30
_dbgMsg	30
openfile	29
tl_addPlayerExp	29
IsActDate	29
safestr	29
add_wu	29
L30_prise	29
rawset	29
take_xp_equip_92	29
CheckPermission	29
tongwar_getdata	29
gsub	28
OpenByConfig	28
bt_getsignpos	28
bt_RankEffect	28
Kim	28
IsPlayerEligible	28
PARTNER_AddExp	28
GetReputeLevel	28
tl_savetalkvalue	28
GetDungeon	28
wlls_getcityinfo	28
Getseriesdamage_p	28
Skill150Dialog	28
ST_IsTransLife	27
sf_onplayerleave	27
OnClose	27
select	27
TWS_GetType	27
UseItem	26
sort	26
dofile	26
GetMSRestTime	26
OnNewWorld	26
OnNewWorldDefault	26
OnLeaveWorld	26
OnLeaveWorldDefault	26
TRUE	26
__notify	26
OnEnterMap	26
OnLeaveMap	26
login_add	26
getFrame2MinAndSec	26
add_tr	26
GetTaskTableCol	26
Clear	26
dungeon	26
CheckTime	25
PlayerAwardLog	25
GetMaterialList	25
replace	25
add_gb	25
want2watchseat	25
PARTNER_SetTaskValue	25
TaskAward	25
Open	25
ForbitAura	25
FindField	25
Append	25
toSprLinkStr	25
PARTNER_GetName	25
Getcoldres_p	25
PayRewindAward	25
partner_checkdo	25
Add	24
min	24
isMaxBitTaskValue	24
RecordBTCount_Win	24
totext	24
ngoa	24
makeItemFilePath	24
L60_prise	24
L40_prise	24
DelNpcSafe	24
checkbattlerule	24
take_xp_equip_2	24
OnStart	24
isExpired	24
AddProp	23
setUp	23
tearDown	23
add_dialognpc	23
tl_settaskstate	23
L10_prise	23
L20_prise	23
L50_prise	23
JoinCamp	23
cityid_to_lgname	23
MoveToTrap	23
SetMasterTaskState	23
GenParam	23
SetPropState	23
GetTaskDaily	22
abs	22
Use	22
JoinMission	22
getRow	22
BaseP	22
WorthP	22
check_level	22
Ngoa	22
SetLastFactionNumber	22
myplayersex	22
wanttrangbi	22
nt_getCamp	22
itemmapcheck	22
doFunInWorld	22
look_list_fac	22
InRoom	22
OnDestroy	22
TWS_GetLevel	22
tongwar_setdata	22
YDBZ_sdl_getTaskByte	22
Quadratic	22
Getlifemax_p	22
Getmagic_skill_cost_v	22
tl_gettalkvalue	22
reward_cleartaskvalue	22
PIdx2NpcIdx	21
Noel	21
bt_adddiagnpc	21
PutMessage	21
genWalkPath	21
ResetTaskForDay	21
check_pay	21
valentine2009_giveErrorMsg	21
GetLoop	21
GetShituLeagueId	21
checkmap	21
tabadddiagnpc	21
GetLeavePos	21
Getfireres_p	21
Getlightingres_p	21
CheckGetItem	21
partner_edu	21
TimNhanhBossST	21
givetask	21
getglobal	20
SubWorldIdx2MapCopy	20
bt_camp_getbonus	20
dropItem	20
PIdx2MSDIdx	20
getTask	20
biwu_setdata	20
RndItemProp	20
StartMissions	20
return_complete	20
CheckIsCanGet150SkillTask	20
setpos_step2	20
gopos_step2	20
SetForbitItem	20
checkCondition	20
IsTakeStunt	20
tremove	19
gb_GetModule	19
OnEvent	19
GetActivityTask	19
g_AskClientNumberEx	19
an	19
storm_end	19
BT_LeaveBattle	19
getTaskItemName	19
tl_counttasklinknum	19
SetBit2GetItem	19
Sa	19
logplayer	19
del_all_skill	19
ITEM_GetItemRandSeed	19
close	19
return_yes	19
getCompoundParam	19
getndata	19
broadcast	19
AddStep	19
SetPasstSkillLevel	19
SetPhysicalDamageBase	19
SetPoisonDamageBase	19
SetColdDamageBase	19
SetFireDamageBase	19
SetLightingDamageBase	19
GetStatus_V	19
npc_string	19
SetName	19
wsGetOpenCost	19
check_skill	19
Load	18
exec	18
Exec	18
SetActivityTask	18
BT_SetType2Task	18
giveAward	18
BT_UpdateMemberCount	18
generateName	18
reset_task	18
wlls_want2go	18
Quan	18
GetOfflineAdvTime	18
ITEM_GetItemVersion	18
a	18
GetProp	18
NPCINFO_GetNpcCurrentLife	18
NpcRun	18
getadatatow	18
OutputMsg	18
ReportBattle	18
GotoSignUpPlace	18
GetMineDungeon	18
IsEqual	18
YDBZ_sdl_setTaskByte	18
SetExp	18
Getlifereplenish_v	18
Getphysicsres_p	18
IsCarryOn	17
MoveTo	17
ResetBonus	17
GetStringTask	17
BT_ReportResult	17
storm_gamename	17
GetNpcIndex	17
GetCurrentDateRefineCount	17
DoTeamProcess	17
GetPK	17
taoNV	17
GetPLData	17
WinBonus	17
SetAuraSkillLevel	17
Getpoisonres_p	17
speak_string	17
wsGetName	17
GiveAward	16
CheckTotalLevel	16
bt_JudgePLAddTitle	16
getName	16
g_GiveItemUI	16
SetResult	16
CheckItem	16
tl_getUpLevelExp	16
Run	16
goto_ctc	16
Sam	16
tl_gettaskcourse	16
goto_sevencityfield	16
exchange_lingpai_main_dlg	16
cp_randomeny	16
cd_transtocity	16
AddAllNpc	16
SetFireResist	16
SetPhysicsResist	16
SetColdResist	16
SetLightResist	16
SetPoisonResist	16
SetLifeReplenish	16
Getfasthitrecover_v	16
Getpoisontimereduce_p	16
refine	16
tong_GetCityStuntID	16
wsGetMaintainCost	16
read	15
AddStrg	15
OptionFunction	15
CheckInMap	15
CheckLevel	15
VnCheckInCity	15
Phong	15
IsOpen	15
bt_setnormaltask2type	15
sf_join	15
quan	15
addWorth	15
SetState	15
Check	15
NotifyTeam	15
CheckAllMaps	15
onCancel	15
biwu_save	15
getowntongname	15
GetFinishedCount	15
tl_gettasktextID	15
SetRandSeed	15
enroll_prise	15
Move	15
use	15
exchange_lingpai_compose	15
OnPlayerJoin	15
UseMapIdx	15
wlls_get_mapid	15
wlls_error_log	15
Trap	15
Getattackspeed_v	15
SetRewindTaskState	15
ContriValueEntryLogic	15
wsGetMaxLevel	15
USE_G_2	15
getinfo	14
Split	14
CallFunction	14
CheckInList	14
d	14
IsHaveTask	14
ComposeGiveUI	14
marshal_down	14
CheckIPBonus	14
validateDate	14
checkGiftCount	14
Process	14
TM_SetTimer	14
Ba	14
findgoldboss	14
tiejiang_city	14
SetRefiningFlag	14
Task_GiveAward	14
Task_AwardRecord	14
writeChapManLog	14
Remove	14
IsAttackableCamp	14
NPCINFO_GetNpcCurrentMaxLife	14
LeaveFight	14
taodoi	14
ketgiaoPhai	14
GetTaskText	14
toColor	14
ReportMemberState	14
AddAword	14
add_dropitem	14
cd_writelog	14
getSigningUpCity	14
getBotCurCamp	14
SetAR	14
SetDP	14
SetMinDamage	14
SetMaxDamage	14
trim_right	14
Getmagic_summonnpctime_v	14
Getmeleedamagereturn_v	14
Getallres_p	14
Getmeleedamagereturn_p	14
Getfatallystrikeres_p	14
Getfreezetimereduce_p	14
Getstuntimereduce_p	14
NewFun	14
seteducationnpcpos	14
ex_add_zhengpai	14
funDeath	14
TaskEntityMatrix	14
USE_G_1	14
LoadLevelData	14
ws_main	14
oldentence	14
AddVit	13
AddEng	13
IsExpired	13
ST_LevelUp	13
GetTaskData	13
Quit	13
get_task	13
MakeOptByProductName	13
offlineCheckPermitRegion	13
NextState	13
saleby_heroling_confirm	13
AddScore	13
writeRecoinLog	13
GetMaster	13
xanh	13
CalcOfflineTime	13
ReturnFromPortal	13
addDialog	13
GetTimerId	13
GMMsg2Player	13
SimCityIsPeaceZone	13
SimCityTableFromFile	13
caidat	13
loadItemTabFiles	13
nt_SetTask	13
strfill_left	13
advanced	13
GetGamerName	13
GetMember	13
CheckOwnerInDungeon	13
AddANpc	13
Inside	13
GetStandings	13
GetTongWarriorCount	13
SetLife	13
Getaddcolddamage_v	13
niumanman_bisaijieguo	13
Msg2PlayerByName	13
SetTaskBit	12
KillMonster	12
AcceptTask	12
CompleteTask	12
delnpcsafe	12
battle_rank_GetSortPlayer0808	12
but_addmissionpoint	12
Factor	12
makeBaseP	12
makeWorthP	12
setTask	12
GetPlantCount	12
Now	12
CallBoss	12
Debug	12
debug_out	12
othertong_SINGLE	12
zhongqiu0808_PlayerLimit	12
DecodeRefiningTask	12
Login	12
gettongownercity	12
the_buy	12
v_mljaward	12
gTask	12
sinh	12
SetNpcCombat	12
SimDuelEnd	12
Update	12
wantpay	12
PlayerSelect	12
toSeries	12
add466	12
removeItems	12
goto_luyencong2	12
tonum	12
GetTimeLine	12
OnInit	12
SetPLData	12
players_entrance	12
cd_addfightnpc	12
CloseDungeon	12
wlls_award_log	12
Kill	12
field	12
RegAll	12
AssociateMap	12
SetKeyData	12
clearLastShituOperation	12
ex_add_zhongli	12
ex_add_xiepai	12
CalcLingluCount	12
wsGetUpgradeCostFund	12
CheckGetBonusTHDNB7	12
SetBit2GetBonusTHDNB7	12
CreateDialog	12
Check_Switch	12
AddDex	11
LoadConfig	11
vCalcExp	11
ITEM_DropRateItem	11
IsNewPlayer	11
CheckValentineLevel	11
max	11
SuDungBanhSinhNhat	11
GetBonusOpenBox	11
bt_addrandfightnpc	11
storm_ask2start	11
BT_BroadAllLadder	11
BT_SetMissionName	11
removeAll	11
init	11
g_AskClientStringEx	11
getMissionInfo	11
checkBaseCondition	11
loadSettings	11
AddPlantCount	11
ConsumeLog	11
lantern_enter_lantern	11
OnExit	11
wl_zonename2zoneid	11
xmas2007_makeSnowMan_compose	11
FuYuan_Add	11
pt_GetTabFileData	11
check_renametong	11
CalcExp	11
task	11
GetTaskState	11
help_quest_step1	11
camp	11
getNodeInfoByNodeName	11
CSP_WriteLog	11
BlessPlayerOffline	11
BlessPlayerOnline	11
ApplyTask	11
get_repair_qualityname	11
itemuseplacecheck	11
iif	11
Pop	11
debug_print	11
GetMissionState	11
GetGameCity	11
cp_station	11
NotifyMatesInMaze	11
IsNpcExist	11
GetWarriorTong	11
CheckMissionCondition	11
messenger_killnpc_jifen	11
SetTong	11
SUS_Chose	11
isMaxItemUse	11
useItem	11
visitMaster	11
L60_get_yes	11
Dan_deng	11
GetVar	10
RegisteMessage	10
show_riddle	10
Pack	10
GetInfo	10
CheckItemInBag	10
MainDialog	10
AddTaskA	10
ResetTaskA	10
pLimitFun	10
bt_autoselectmaparea	10
salemedicine	10
add_end_award	10
branchTask_JoinSJend1	10
BT_ClearPlayerData	10
BT_BroadView	10
BT_BroadGameData	10
getLastError	10
getFromWorth	10
BingoBoxAddExp	10
LiguanLog	10
ComputeWorth	10
IsCityMap	10
getmakeitemsign	10
want_upplatinaeq	10
getItemInfo	10
adddiagnpc	10
prize	10
ST_CheckTextFilter	10
wulin_setdata	10
store_sel_village_extend	10
nay	10
DelPlayer	10
tl_settaskcourse	10
CityStationCommon	10
zhang	10
sTask	10
SetStringTask	10
AddHuongLC	10
SetNpcLevel	10
IsNpcEnemyAround	10
randomRange	10
nodeNameToCoords	10
nv_tudo_xe	10
countMap	10
go	10
ITEM_GetItemExParam	10
gift	10
GetApprenticeNum	10
__award_log	10
RevID2WXY	10
Set	10
daiyitoushi_main	10
take_xp_equip_1	10
SignUpFinal	10
OnJoin	10
chaos	10
wlls_lg_info	10
FindPlayerPosition	10
OnProgressbarTimeout	10
OnProgressbarBreak	10
CheckSignup	10
Bao	10
AddAllTrap	10
CheckLilianItem	10
Getmanamax_p	10
Getstaminamax_p	10
Getlucky_v	10
Getmagic_rangephysicsdamagemin_v	10
Getmagic_rangephysicsdamagemax_v	10
zhengbranch2	10
skillbook_select	10
TaskTalk	10
showboss	10
SetTask2Team	10
messenger_choice	10
LUP_GivePrice	10
IsOver	10
AddSeason	10
L40_get_yes	10
L20_get_yes	10
L20_get_no	10
L30_get_yes	10
L30_get_no	10
member	10
goff_yes	10
addtrap	9
ParseAward	9
GetNpcScript	9
GetWeeklyCount	9
ShowEquipBranchDialog	9
Table2File	9
battles_award_all_singleplayer	9
File_Create	9
IniFile_Save	9
BT_SetRestTime	9
BT_SetMissionDesc	9
storm_addm_mspointex	9
but_pop2home	9
stop	9
SetFinalAward	9
birthday0905_settask_message	9
birthday0905_gettask_message	9
CheckAccount	9
FindMember	9
check_award_condition	9
Spe	9
oncancel	9
addPlayerExpForLimit	9
allbrother_0801_PlayerDo	9
checkCreatLG	9
checkJoinLG	9
zhongqiu0808_ResetTask	9
loadsavevalue	9
EncodeRefiningTask	9
count	9
atan2	9
open_task_trace	9
IpBonus_Close	9
randByProbability	9
DoRescriptFunc	9
SetOfflineLowTime	9
GetTransLifeCount	9
tl_getplayertasktype	9
Tinh	9
skills_update	9
RollbackSkill	9
GetVit	9
GetEng	9
transtoplace	9
GetReward	9
GTaskValue	9
villagequest	9
Add_PointMagic	9
notFightingChar	9
PartyEnd	9
map	9
createTaskSayChienTranh	9
createTaskSayThanhThi	9
createTaskSayTieuThiep	9
add_npc	9
randomaward	9
set_MapType	9
ComputeMasterLoad	9
festival_getgroupid	9
org	9
run	9
GetCurrentVersion	9
gsp_writeLog	9
deny	9
RegMap	9
StartGame	9
CloseGameInMap	9
CloseGame	9
getParamValue	9
_GetPlayerTable	9
WL_clear_pl_state	9
wllstab_additem	9
wlls_get_mapinfo	9
festival_gameover	9
Logout	9
FindRoomWithPlayer	9
FinishTask	9
Signup	9
matrix	9
getadatabetween	9
festival_nianshou	9
festival_give_Item	9
tongwar_GetTypeBonus	9
YDBZ_restore	9
YDBZ_GetTabFileData	9
skilllvelup	9
CheckObject	9
killerCoundTakedTask	9
tongaward_message	9
messenger_giveplayerexp	9
AssertTrapPosition	9
MAINTAIN_R	9
IsAcitve	9
GetFormula	9
L40_get_no	9
common_talk	9
bin	9
GetGlobal	8
answer_ok	8
CheckBitTaskValue	8
Award	8
AddInitNpc	8
cutround_in8	8
cos	8
sin	8
Kinh	8
el	8
CheckCanAccept	8
GetMateName	8
bt_CheckDeathValid	8
bt_checklastbattle	8
storm_goon_start	8
battle_rank_activity	8
battle_rank_award0808	8
False	8
tongaward_battle	8
sf_setflagplayer	8
AddLenhBaiBH	8
load	8
flush	8
SetBigAward	8
DropItemByList	8
plant_tree	8
GetCurExpFromOther	8
CanMakeMaxCount	8
OnUse	8
selectNextTask	8
au06_IsPayed_player	8
sdl_writelog	8
storm_valid_game	8
vt06_isactive	8
tongwar_check_ownerright	8
selfinfo	8
wulin_day2buytabidx	8
wulin_getdata	8
add_killertasknpc	8
writeUseBaiJulog	8
num2datestr	8
onconfirm	8
store_sel_extend	8
AddFinishedCount	8
ClearFinishedCount	8
check_castellan_remedy	8
aexp_gotothd	8
IsIPBonus	8
SetOfflineAdvTime	8
ITEM_GetLatestItemVersion	8
ITEM_CalcItemValue	8
AssignValue	8
yes1	8
GetStrg	8
GetDex	8
GetTaskTextID	8
gsoldier_entance	8
main_former	8
PAY	8
STaskValue	8
DBGetData	8
Hoa	8
ATick	8
NPCINFO_SetNpcCurrentLife	8
bang	8
BotDoSkill	8
JoinFight	8
RemoveAll	8
defection_no	8
award_item	8
GetPlayerLilian	8
giveback_yu	8
verifySrcItems	8
genDesItemsInfo	8
finalCompound	8
christmas_resettask	8
str2xydata	8
add_a_diagnpc	8
addfightnpc	8
getinifiledata	8
GetMapEnterPos	8
rs_error_talk	8
GetEventLeftDay	8
GetEventTime	8
KickOut	8
OnRun	8
bw_getcaptains	8
GetTotalLevel	8
setplayerleaverstate	8
gogamemap	8
chr_rand_tab	8
CSP_EnterClearMapCore	8
GetDungeonList	8
wlls_add_data	8
wlls_check_player	8
wlls_matchresult	8
wlls_add_option	8
wlls_cancreate	8
wlls_check_leavelg	8
tmp_process_data	8
wlls_reg_loaddata	8
festival_sort	8
festival_getsz	8
festival_broadcast	8
festival_get_exptimes	8
GetGate	8
SyncTongWarriorCount	8
CloseTimer	8
StartTimer	8
spawnOneNpc	8
festival_setplayerleaverstate	8
YDBZ_debug	8
GetStatusEnhance_P	8
Getcoldenhance_p	8
Getcastspeed_v	8
Getmanareplenish_v	8
Getstealmana_p	8
Getlightingarmor_v	8
Getrangedamagereturn_p	8
Getpoisonenhance_p	8
ex_add_level20	8
ex_add_level30	8
ex_add_level40	8
ex_add_level50	8
ex_add_level60	8
messenger_killbugbear_inteam	8
IsAround	8
extong_double_award	8
wsGetTypeID	8
SVR_CheckUse	8
wsGetPerMaintainCost	8
CheckGetBonusVLKH1	8
SetBit2GetBonusVLKH1	8
checkBag	8
L50_get_yes	8
oldMain	8
return_no	8
L10_get_yes	8
L10_buy_noMoney	8
check_team	8
RestoreMana	7
RestoreLife	7
RestoreStamina	7
CallNpc	7
CreateNpc	7
ParseAwardTable	7
lua	7
NPCINFO_GetLevel	7
GetTeam	7
pConsume	7
Main	7
pContributionAward	7
NumberIsEven	7
IsInValentine	7
ChangeFeature	7
CheckOwner	7
SetAwardFlag	7
GetTaskA	7
Linh	7
Test	7
CancelTask	7
CheckCompleteTask	7
GiveItemAward	7
CheckUserInputKey	7
bt_exchangeexp	7
BattleBoss_AddBigBoss	7
BT_BroadBattleDesc	7
BT_ViewBattleStart	7
OnlineAward_Check_TransferLife	7
__new	7
GetFinalAward	7
EXP	7
GetRandomAData	7
isCarryOn	7
canJoin	7
setMissionInfo	7
addNpc	7
convert	7
fulushounpc_settask	7
GetLastDlgNpc	7
SetPlantCount	7
RandomKind	7
Grow	7
GiveUIOk	7
GetAwardCount	7
delguanghuan	7
pGetCount	7
DialogMain	7
ReduceUseCount	7
jiefang_0804_ResetTask	7
jf0904_InitTaskctrl	7
set_citybonus_task	7
confirm_mooncake	7
determine_get	7
Announce	7
ResetPerDay	7
CheckFinish	7
award_give	7
getAwardTime	7
storm_anotherday	7
storm_help_award	7
get_tongwar_season	7
wulin_want2query	7
wl_get_zonename	7
wl_want2takematch	7
wl_sure2taketitle	7
wl_createleague	7
selfinfo2next	7
wulin_clearticket	7
gb_AppendTask	7
OnAnswer	7
fBuyCallBack	7
DecodeDateTask	7
AddCurrentDateRefineCount	7
GetRefiningTime	7
WorldEntrance	7
pt_GetTabFileHeight	7
func	7
GetQuestion	7
GetOfflineLowTime	7
apply_usepill	7
GetLevelRepute	7
nothing	7
AssignValue_TaskTalk	7
process	7
tl_checktask	7
SelectTask	7
LockItemStatus	7
AddPlayerExp	7
DBSetData	7
FileSystem_LoadFile	7
add_magic	7
SetNpcTitle	7
ClearMap	7
initCharConfig	7
CreateChar	7
SetNpcBang	7
BotDuelDisarm	7
SimCityCanFight	7
Respawn	7
GetRandomWalkPoint	7
IsValidFighter	7
nv_tudo	7
getPoolByCap	7
_createSingle	7
IsTongKimMap	7
OnPlayerDeath	7
open	7
canChange	7
ClearAll	7
checkOnlyUseInMap	7
QueryWiseManCancel	7
TaskEvent	7
CallSjNpc	7
sex2Word	7
GetNewLLInfo	7
GetPlayerNewLilian	7
make_option	7
getgroupid	7
initData	7
writeCompoundLog	7
CoreDataChanged	7
getDistance	7
addGiftitem	7
callPlayerFunctionParamList	7
countArrayRate	7
cityID2LeagueName	7
ResetTaskGroup	7
UnReg	7
IpBonus_Start	7
IsBegin	7
ConvertTMToTime	7
GetEventLeftTime	7
ConvertTimeToTM	7
del	7
bw_branchtask_win	7
kickout	7
OnTrigger	7
do_snowman	7
GetWarOfCity	7
dw_convert_first	7
dw_convert	7
fld_landingpos	7
fld_getadata	7
wlls_player_type	7
wlls_award_pl_exp	7
wlls_player_level	7
wlls_get_mems	7
wlls_help	7
IterPlayers	7
CreateTask	7
QueryLeftCount	7
Initialize	7
AddPosition	7
FindCampTong	7
YDBZ_sdl_writeLog	7
safe_open	7
ExecuteRelyScript	7
SetLilianItem	7
setPlayerLastShituOperation	7
EventSkillLevel	7
GetEventSkillLevel	7
IsNewAccount	7
SelectItem	7
equipexTaskState	7
TireReduce	7
tl_selecttask	7
AssertPosition	7
add_one_building	7
tongGetWeekBuildUpper	7
tongGetWorkshopUpperLevel	7
LUP_PriceInfo	7
USE_R	7
GET_DESC	7
use_g_1_ok	7
ShowDialog	7
SelectAward	7
L50_get_no	7
BuyChristmasCard	7
Match	6
getlocal	6
StopGlbMSTimer	6
StartGlbMSTimer	6
Require	6
ReSort	6
CheckDay	6
DropSingleItem	6
GetPhase	6
Subcribers2File	6
TableFromFile	6
Oncancel	6
CheckGetAwardBelong	6
_limit	6
_Limit	6
AddTalkNpc	6
IsInMap	6
DelTree	6
IsClearMark	6
pProductFun	6
RemoveAllItem	6
getNpcInfo	6
sf_buildfightnpcdata	6
BT_GetBattleParam	6
bt_pop2signmap	6
bt_sortbthonour	6
SongJinAward	6
True	6
BattleBoss_AddBoss	6
sf_callfightnpc	6
but_getminplayerlimit	6
danh	6
add_rank_award	6
sf_setflagposinfo	6
sf_createflag	6
createRandomTask	6
TaskSay	6
BeiDouChuanGong_zuodan	6
SendResult	6
SendGetAwardResult	6
GetTime	6
zhuansheng_get_gre	6
talk	6
giftLevelup	6
Select	6
Upgrade	6
InMapList	6
CaculateScore	6
GetSuccessRate	6
makeItemUI	6
funmsg	6
funtalkmake	6
funtalkmareial	6
funtalkmlimit	6
check_money	6
getTaskByte	6
addTaskByte	6
IsForbidMap	6
ITEM_SetLeftUsageTime	6
UsePlantTool	6
FindNpc	6
get_citybonus_task	6
lingpaizhizao_do	6
summonBoss	6
au06_sort	6
determine_process	6
canGetMoreExp	6
countMoreExpNum	6
writeMoreExpData	6
award	6
_CheckPlayer	6
GetAwardById	6
ResetDailyTask	6
confirm_make	6
springfestival08_lib_AddAward	6
isSpringTime	6
setAwardTime	6
TM_GetRestCount	6
vt06_addzi	6
Title_GetTitleName	6
tongwar_getsignpos	6
checkBangHuiLimit	6
wulin_canregister	6
champ_checktitle	6
wl_get_awardcount	6
wl_getticket	6
wulin_save	6
xmas2007_SnowManItem_AddItem	6
makeyuebing	6
GiveItem	6
selectofflineskill	6
savevalue	6
findgoldboss_Step2	6
findgoldboss_Step3	6
FuYuan_Start	6
IsFuYuanAvailable	6
expsv	6
buy_addhunyuan_yes	6
GetRefiningFlag	6
ClearRefiningTime	6
Del	6
festival_award_rank	6
festival_expaward	6
festival_goodsaward	6
festival_getgoodtype	6
AddPlayer	6
IsTimeValid	6
PayPlayerLinkAward	6
writeChapManGoldLog	6
check_faction	6
WhichWarBegin	6
NewcomerStationCommon	6
SelectSay	6
SetTaskState	6
Deng	6
v_fy_awardcheck	6
v_fy_tkvalueadd	6
SetPK	6
ITEM_GetLeftUsageTime	6
guess_at_riddle	6
gquestion	6
Fanghao_Wu	6
_Write2File	6
pFunCall	6
getHWID	6
HoTro_CapSatThuGian	6
_generateWalkPath	6
objCopy	6
SimPickSkill	6
createFormation	6
goiAnhHungThiepNgoaiTrang	6
goiAnhHungThiep	6
createTaskSayKeoxe	6
_createTeamPatrol	6
onPlayerEnterMap	6
retrieveMine	6
showPetList	6
faction	6
maintalk	6
wantpayex	6
expchange_limit	6
payBonus	6
BeiDouChuanGong_UseItem	6
gettabfilestring	6
upgrade_skilllevel	6
SelectSeries	6
IsFreshmanMap	6
EatNei_Wan	6
AddMapValues	6
tl_getMapInfo	6
EnumEventTask	6
_ClearnTaskState	6
GetLeagueJob	6
setPlayerTaskTemp	6
GetApprentice	6
HaveNewLilian	6
GetPlayerMasterLilian	6
race_ItemMapCheck	6
check_pl	6
GetGroupId	6
getMagAttrLvlRange	6
gopos_step2lv90	6
IpResetTask	6
iftrue	6
GetProductName	6
GetList	6
assertFalse	6
take_xp_equip_112	6
new_type	6
AEXP_IsFreeTimeDoubleExp	6
LoadPosition	6
PlayerDeath	6
JoinGame	6
get	6
GetRandomAPos	6
OnFighting	6
close_board_timer	6
current_npc_map	6
cancel_match	6
member_10_group	6
join_tryout	6
clearfairy	6
OnReady	6
GetBonus	6
getSignUpState	6
ChaosTable	6
OnLeaveSetState	6
wlls_get_ms_plidx	6
wlls_remove_camp	6
wlls_award_lg	6
GetMSIdxGroup	6
wlls_get_award_min	6
wlls_checkaward_rank	6
wlls_checkteam	6
wlls_set_expswitch	6
GetPlayerList	6
Decode	6
ClearNpc	6
AddYulongdizi	6
AddBoss	6
AddMonsters	6
cd_addsomenpc	6
ReportEntry	6
GetAwardPoint	6
SetWarriorTong	6
CheckWarriorTongChange	6
GetFieldCount	6
InField	6
festival_putfairy	6
festival_clearfairy	6
festival_affiche	6
festival_change_to_gift	6
festival_givedaoju	6
festival_getman	6
festival_make_nianshou	6
YDBZ_checkdoubleexp	6
YDBZ_ready_kickout	6
CallNpcEx	6
ShowTheKing	6
nw_oninputnationtitle	6
setRandomTaskState	6
clamp_name16	6
Getrangedamagereturn_v	6
Getslowmissle_b	6
Getskill_param1_v	6
Getskill_param2_v	6
Getsteallife_p	6
GetSkillLevelDataByTable	6
Getignoredefense_p	6
Getaddfiredamage_v	6
ExecEx	6
describe_talk	6
lvl120skill_calccount	6
fnCallback	6
zhengbranch4	6
reward_beckon	6
reward_justdoit	6
SetTaskSayColor	6
messenger_gettime	6
PublicMap	6
EnhanceRepair	6
Enhance_Repair	6
rwlp_getjuanshucount	6
createDialog	6
createDiaglog	6
GetNextDate	6
defection_yes	6
L60_get_no	6
go_thd	6
enter_cave	6
L20_get	6
L10_get_no	6
ShowStack	5
RegisteActivityDetailConfig	5
CheckBoatBoss	5
CheckName	5
AddObjNpc	5
UpgradeEquip	5
test	5
GiveTask	5
ValentineResetTask	5
GetNextTime	5
new_dungeon	5
GiveAwardByRate	5
GetTitle	5
tongaward_goldenseed	5
LoadDataFromConfig	5
_CheckCanAccept	5
_CompleteTask	5
IsDuring	5
GetTreeInfo	5
ShowRandomDialog	5
UpdateLastLoginTime	5
NewTemplate	5
kim	5
SetActiveSkill	5
GetCNpcId	5
GetBoxValue	5
isCuoiTuan	5
storm_addpoint	5
bonus_rate	5
battle_finish_activity	5
markMarshal	5
CheckTaskComplete	5
OnlineAward_SummaryOnlineTime	5
OnlineAward_StartTime	5
AddMocNhan	5
OnlineAward_StartDate	5
convertBonusMsg	5
release	5
pFun	5
LIGUAN_TAG	5
GetSelfName	5
CalcResult	5
add_zhuhe_maxexp	5
GetJinnang	5
zhenDanTask_accepte_hand	5
zhenDanTask_delivery_hand	5
fulushounpc_gettask	5
select_tree	5
isPanMaster	5
ConsumeAdditive	5
GetCurBetCount	5
GetSpecAwardCount	5
GetNormalAwardCount	5
GetScore	5
AddCurExpFromOther	5
CheckExpFromOther	5
check_right	5
CreateTree	5
SoldierLimit	5
JxAn_cloud_join	5
getItemAllMagicList	5
cake_ex_gift	5
TM_StopTimer	5
makecake_addexp	5
isNewYearTime	5
checkdate	5
valentine2009_isCarryon	5
OnTimeout	5
sf07_isrightuser	5
tinh	5
storm_award	5
storm_query	5
storm_getaward	5
maketable	5
storm_add_pointex	5
storm_calc_point	5
get_tongwar_phase	5
tongwar_award_log	5
onetong_applyaddmem	5
isRoseMaster	5
valentine2008_Exchange	5
wulin_showqueryfinal	5
wl_get_zonefile_match	5
wl_get_zonefile_actor	5
wl_sureaddmember	5
wl_getmatchopenday	5
wulin_loadfile	5
xmas07_makeSnowMan_isActPeriod	5
xmas07_makeSnowMan_main	5
zhongqiu0808_ActContent	5
GetTongExploit	5
DoExChangeItem	5
help	5
npc	5
IncludeForRegionVer	5
OnExtPointChange_Proc	5
FuYuan_Get	5
tiejiang_village	5
EncodeDateTask	5
AddRefiningTime	5
GetCount	5
Success	5
OnPlayerEvent	5
addAward	5
fit_formed_eq	5
want_split	5
giveaward	5
Task_NewVersionAward	5
tl_getfirstlink	5
Task_Cancel	5
tongaward_tasklink	5
buy_yes	5
PrePay	5
GetPlayerTaskType	5
AssignValue_AwardRate	5
add_random_special_word	5
PraseParam	5
Title_GetActiveTitle	5
CountSpecifiedItem	5
strfill_right	5
SetSeries	5
EH_SetCurDurability	5
_respawn	5
GetNpcAroundNpcList	5
_joinFight	5
_leaveFight	5
BotLadderClear	5
resetPos	5
updateRank	5
SetNpcAtkSpeed	5
SimBotTaunt	5
SetBotSpeed	5
GetPlayerPkMode	5
BuffChar	5
execRestoreLife	5
gan	5
getObjectKeys	5
getCenteredCell	5
genCoords_squareshape	5
faction2DisplayName	5
phe_tudo	5
phe_tudo_xe	5
getSpeed	5
createAnhHung	5
createNpcSet	5
IsThanhThiMap	5
showFactionSkills	5
OnBreak	5
defection_get	5
enroll_select	5
CSP_CheckValid	5
CSP_SwitchTrap	5
TeamEnterHole	5
master_onCancel	5
saypage	5
valentine2008_PlayerDo	5
SkillBookScript	5
rwlp_cleartask	5
GetPlayerDegree	5
FindApprentice	5
GetPlayerLilianCount	5
defFinalCompound	5
gopos_step3	5
check	5
newyear0901_resettask	5
festival_go_back	5
festival_checkinterver	5
OnMagicAttrib	5
festival_go_other_place	5
RegType	5
msgfun	5
setPlayerTask	5
GetLogoutRV	5
AddStackExp	5
GetTiaozhanlingCount	5
CallWithParam	5
FindTimer	5
take_xp_equip_3	5
func_online_rename_role	5
DelayLoad	5
GetLastPos	5
free	5
ProcWaiting	5
SyncCampSize	5
GetCampPoint	5
GetMapData	5
OnHelp	5
get_file_pos	5
start_board_timer	5
close_match	5
get_npc_name	5
name	5
get_npc_level	5
get_npc_series	5
get_npc_count	5
get_batch_count	5
gameover	5
cd_awardall	5
cd_callnpc	5
getCityWarElector	5
MakeFence	5
IsBattleOver	5
wlls_get_level	5
wlls_get_ms_troop	5
wlls_get_ms_damage	5
wlls_levelcheck	5
wlls_transback	5
wlls_query_do	5
wlls_edit_need	5
wlls_get_oneneed	5
wlls_reg_query_do	5
report	5
AddTrap	5
ApplyMap	5
FreeMap	5
NotifyAllMates	5
Finish	5
IsAlive	5
KickPlayer	5
killed_count	5
logout_count	5
MakeGate	5
GetEndRoom	5
transfer_timeout	5
Encode	5
InitStep	5
getTitleByPoint	5
RandomCamp	5
UseGun	5
StartSignup	5
SyncSignup	5
TmpCamp	5
tong	5
m_Camp	5
GetWarriorTimer	5
WritePlayerLog	5
CheckDistance	5
YDBZ_GetTabFileHeight	5
YDBZ_get_npc_id	5
YDBZ_get_npc_name	5
YDBZ_get_npc_level	5
YDBZ_get_npc_series	5
YDBZ_get_npc_count	5
YDBZ_get_npc_isboss	5
YDBZ_add_npc	5
YDBZ_get_randomlist	5
ChangeNpc	5
CheckShowKing	5
CheckPlayerLilian	5
haveLastShituOperation	5
clearGraduateData	5
ToStrNumb	5
CheckIQuestItem	5
ib_nexttask_main	5
ib_nexttask_revert_talk	5
debug_item	5
lvl120skill_delitem	5
ex_add_zl_level20	5
ex_add_zl_level30	5
ex_add_zl_level40	5
ex_add_zl_level50	5
ClearMagicPoint	5
prize1	5
OnTaskExit	5
partner_getpartnerlevel	5
OnTaskSay_Call	5
SetLevel	5
GetWinner	5
wsGetAllDayConsume	5
tongGetBaseMaintainFund	5
getStuntHelp	5
tong_help	5
GetHuoYueDuString	5
GetGoldEquip	5
addContribution	5
getGift	5
getRandomKT	5
BachKim2	5
BachKim	5
tbRandom	5
enroll_get_yes	5
F1	5
F2	5
F3	5
F4	5
task_get	5
T_all	5
T_enroll	5
T_L10	5
T_L20	5
T_L30	5
T_L40	5
T_L50	5
T_L60	5
T_return	5
config	5
task1	5
task2	5
task3	5
o1	5
o2	5
o3	5
o4	5
m1	5
m2	5
m3	5
m4	5
m5	5
m6	5
m7	5
m8	5
m9	5
m10	5
c1	5
c2	5
c3	5
v1	5
v2	5
v3	5
v4	5
v5	5
v6	5
v7	5
v8	5
ok	5
return_uncompleted	5
AskRelayForKillerStatus	5
KillerCallBack	5
QueryTask	5
ModifyTask	5
DoNothing	5
QBJ	5
refuse	5
OtherPlayer_talk	5
check_jewel	5
