c_symbol	lua_name	code_bytes	calls_in_scripts
LuaSetFightState	SetFightState	420	1466
LuaAddItem	AddItem	29	1197
LuaGetLocalDate	GetLocalDate	317	1192
LuaGetLevel	GetLevel	106	1076
LuaWriteLog	WriteLog	86	1033
LuaAddNote	AddNote	541	768
LuaTabFile_GetCell	TabFile_GetCell	518	703
LuaHaveMagic	HaveMagic	402	694
LuaAddMagic	AddMagic	672	664
LuaAddSkillState	AddSkillState	386	614
LuaHaveItem	HaveItem	327	493
LuaAddOwnExp	AddOwnExp	122	483
LuaSetPos	SetPos	294	481
LuaAddEventItem	AddEventItem	552	449
LuaCallPlayerFunction	CallPlayerFunction	504	447
LuaCalcFreeItemCellCount	CalcFreeItemCellCount	120	416
LuaGetBit	GetBit	132	397
LuaGetByte	GetByte	162	368
LuaAddNpc	AddNpc	1021	360
LuaDelMagic	DelMagic	321	357
LuaGetItemName	GetItemName	134	301
LuaDelItem	DelItem	265	293
LuaSetByte	SetByte	183	262
LuaAddGoldItem	AddGoldItem	27	252
LuaGetFightState	GetFightState	155	249
LuaGetItemProp	GetItemProp	276	235
LuaCalcEquiproomItemCount	CalcEquiproomItemCount	305	231
LuaGetCurServerTime	GetCurServerTime	69	221
LuaDelNpc	DelNpc	351	217
LuaConsumeEquiproomItem	ConsumeEquiproomItem	334	215
LuaTabFile_Load	TabFile_Load	185	211
LuaGetNextPlayer	GetNextPlayer	941	208
LuaGetTongName	GetTongName	173	208
LuaSyncItem	SyncItem	120	207
LuaDelItemEx	DelItemEx	265	191
LuaSetPKFlag	SetPKFlag	124	191
LuaSetBit	SetBit	206	190
LuaRemoveItemByIndex	RemoveItemByIndex	203	182
LuaSearchPlayer	SearchPlayer	119	177
LuaSetRank	SetRank	147	176
LuaAddGlobalNews	AddGlobalNews	346	173
LuaSale	Sale	482	171
LuaSetSpecItemParam	SetSpecItemParam	262	171
LuaGetExtPoint	GetExtPoint	137	162
LuaGetNpcName	GetNpcName	136	158
LuaGetTeamSize	GetTeamSize	162	157
LuaTONG_GetTaskValue	TONG_GetTaskValue	188	142
LuaGetNpcPos	GetNpcPos	268	141
LuaDisabledUseTownP	DisabledUseTownP	223	139
LuaLG_GetLeagueTask	LG_GetLeagueTask	408	126
LuaSetItemBindState	SetItemBindState	253	126
LuaTabFile_GetRowCount	TabFile_GetRowCount	156	124
LuaAddTimer	AddTimer	301	116
LuaOB_Release	OB_Release	501	112
LuaOB_Create	OB_Create	443	112
LuaCloseMission	CloseMission	981	111
LuaCalcItemCount	CalcItemCount	327	111
LuaAddGlobalCountNews	AddGlobalCountNews	472	109
LuaSetProtectTime	SetProtectTime	126	107
LuaRemoteExecute	RemoteExecute	1030	106
LuaStopMissionTimer	StopMissionTimer	743	103
LuaDynamicExecute	DynamicExecute	352	101
LuaSyncTaskValue	SyncTaskValue	141	96
LuaGetTong	GetTong	124	96
LuaStartMissionTimer	StartMissionTimer	831	92
LuaMsg2Tong	Msg2Tong	106	87
LuaAddNpcEx	AddNpcEx	952	85
LuaAskClientForNumber	AskClientForNumber	470	85
LuaDisabledStall	DisabledStall	219	84
LuaCastSkill	CastSkill	318	83
LuaDynamicExecuteByPlayer	DynamicExecuteByPlayer	545	81
LuaIsMyItem	IsMyItem	194	78
LuaRunMission	RunMission	629	75
LuaOpenBox	OpenBox	423	75
LuaConsumeItem	ConsumeItem	364	75
LuaForbidEnmity	ForbidEnmity	115	74
LuaSetNpcCurCamp	SetNpcCurCamp	163	73
LuaTONG_ApplySetTaskValue	TONG_ApplySetTaskValue	235	71
LuaAddMagicPoint	AddMagicPoint	195	71
LuaTWS_GetUseLevel	TWS_GetUseLevel	141	71
LuaSetNpcDeathScript	SetNpcDeathScript	172	70
LuaLG_ApplyDoScript	LG_ApplyDoScript	947	68
LuaAddStackItem	AddStackItem	516	68
LuaAddNpcSkillState	AddNpcSkillState	322	67
LuaLG_GetLeagueObjByRole	LG_GetLeagueObjByRole	179	67
LuaLG_GetLeagueObj	LG_GetLeagueObj	277	65
LuaST_SyncMiniMapObj	ST_SyncMiniMapObj	226	65
LuaSetNpcTimer	SetNpcTimer	227	62
LuaGetRepute	GetRepute	89	62
LuaGetItemStackCount	GetItemStackCount	201	60
LuaGetItemQuality	GetItemQuality	150	60
LuaFileName2Id	FileName2Id	125	58
LuaFormatTime2String	FormatTime2String	276	57
LuaGetItemCount	GetItemCount	55	57
LuaCountFreeRoomByWH	CountFreeRoomByWH	350	56
LuaSendTaskOrder	SendTaskOrder	161	56
LuaDelTimer	DelTimer	153	56
LuaAddStatData	AddStatData	205	55
LuaInitMission	InitMission	844	54
LuaTONG_ApplyAddTaskValue	TONG_ApplyAddTaskValue	235	53
LuaTONG_ApplyAddEventRecord	TONG_ApplyAddEventRecord	189	53
LuaLG_GetLeagueInfo	LG_GetLeagueInfo	195	52
LuaLeaveTeam	LeaveTeam	88	52
LuaGetGateWayClientID	GetGateWayClientID	34	49
LuaAskClientForString	AskClientForString	532	48
LuaSetTmpCamp	SetTmpCamp	281	47
LuaLG_GetMemberTask	LG_GetMemberTask	610	45
LuaDropItem	DropItem	866	44
LuaGetCityAreaName	GetCityAreaName	138	43
LuaGetPos	GetPos	243	41
LuaTONGM_GetName	TONGM_GetName	83	41
LuaAddItemEx	AddItemEx	255	40
LuaAddContribution	AddContribution	259	39
LuaGetCityOwner	GetCityOwner	207	38
LuaGetNpcId	GetNpcId	132	38
LuaLG_ApplySetLeagueTask	LG_ApplySetLeagueTask	27	38
LuaNpcChat	NpcChat	617	37
LuaTm2Time	Tm2Time	535	37
LuaClearMapNpcWithName	ClearMapNpcWithName	144	37
LuaSetItemMagicLevel	SetItemMagicLevel	228	35
LuaGetItemBindState	GetItemBindState	124	35
LuaAddMapTrap	AddMapTrap	433	34
LuaLG_GetMemberInfo	LG_GetMemberInfo	301	34
LuaIniFile_Load	IniFile_Load	133	34
LuaGetEnergy	GetEnergy	85	34
LuaTONG_GetMemberCount	TONG_GetMemberCount	202	33
LuaTONG_GetBuildLevel	TONG_GetBuildLevel	155	33
LuaClearMapNpc	ClearMapNpc	111	33
LuaWriteGoldLog	WriteGoldLog	385	32
LuaGetMapInfoFile	GetMapInfoFile	151	32
LuaClearMapObj	ClearMapObj	121	32
LuaGetProductRegion	GetProductRegion	82	31
LuaSetMoveSpeed	SetMoveSpeed	304	30
LuaGetBitTask	GetBitTask	244	30
LuaIniFile_GetData	IniFile_GetData	226	30
LuaPayExtPoint	PayExtPoint	186	30
LuaTWS_GetDayOutput	TWS_GetDayOutput	141	30
LuaGetContribution	GetContribution	115	30
LuaGetMagicPoint	GetMagicPoint	60	30
LuaLG_GetMemberCount	LG_GetMemberCount	128	29
LuaGetGlodEqIndex	GetGlodEqIndex	27	29
LuaGetNpcKind	GetNpcKind	137	28
LuaTableSDD_GetValue	TableSDD_GetValue	442	27
LuaSetTaskStatus	SetTaskStatus	336	27
LuaFormatTime2Number	FormatTime2Number	293	27
LuaSetNpcKind	SetNpcKind	284	27
LuaTONGM_GetFigure	TONGM_GetFigure	150	27
LuaClearMapTrap	ClearMapTrap	121	27
LuaGetSkillState	GetSkillState	155	26
LuaGetNpcSettingIdx	GetNpcSettingIdx	149	26
LuaRestoreOwnFeature	RestoreOwnFeature	77	26
LuaOB_PushInt	OB_PushInt	363	25
LuaShowLadder	ShowLadder	318	25
LuaCloseTask	CloseTask	275	25
LuaSetCurDurability	SetCurDurability	206	25
LuaForbitSkill	ForbitSkill	165	25
LuaDelCommonItem	DelCommonItem	263	24
LuaTWS_ApplyAddDayOutput	TWS_ApplyAddDayOutput	234	24
LuaGetTmpCamp	GetTmpCamp	168	24
LuaLeaveChannel	LeaveChannel	151	24
LuaRemoveSkillState	RemoveSkillState	135	24
LuaNW_SetTask	NW_SetTask	126	24
LuaGetPlayerCount	GetPlayerCount	34	24
LuaTONG_GetTongMap	TONG_GetTongMap	155	23
LuaCreateChannel	CreateChannel	142	23
LuaSaveNow	SaveNow	47	23
LuaGetCurrentTime	GetCurrentTime	42	23
LuaSetNpcAI	SetNpcAI	374	22
LuaGetSkillName	GetSkillName	168	22
LuaGetPlatinaLevel	GetPlatinaLevel	160	22
LuaTWS_IsOpen	TWS_IsOpen	149	22
LuaDeleteChannel	DeleteChannel	54	22
LuaSetBitTask	SetBitTask	276	21
LuaEnterChannel	EnterChannel	151	21
LuaLoadScript	LoadScript	81	21
LuaLG_ApplyAddLeague	LG_ApplyAddLeague	1643	20
LuaLG_SetLeagueInfo	LG_SetLeagueInfo	296	20
LuaLG_CreateLeagueObj	LG_CreateLeagueObj	282	20
LuaPushString	PushString	204	20
LuaGetJoinTongTime	GetJoinTongTime	115	20
LuaPopString	PopString	48	20
LuaLG_ApplyAppendMemberTask	LG_ApplyAppendMemberTask	27	20
LuaLGM_SetMemberInfo	LGM_SetMemberInfo	603	19
LuaGetCurrentMagicLevel	GetCurrentMagicLevel	345	19
LuaGetItemMagicLevel	GetItemMagicLevel	236	19
LuaMsg2Faction	Msg2Faction	229	19
LuaGetItemAllParams	GetItemAllParams	185	19
LuaLG_FreeLeagueObj	LG_FreeLeagueObj	182	19
LuaTabFile_UnLoad	TabFile_UnLoad	161	19
LuaTONG_GetDay	TONG_GetDay	155	19
LuaTONG_GetPauseState	TONG_GetPauseState	155	19
LuaGetItemGenTime	GetItemGenTime	121	19
LuaSyncNpc	SyncNpc	119	19
LuaGetTongMaster	GetTongMaster	105	19
LuaGetTongFigure	GetTongFigure	67	19
LuaChangeOwnFeature	ChangeOwnFeature	1152	18
LuaTableSDD_SetValue	TableSDD_SetValue	948	18
LuaTableSDD_Search	TableSDD_Search	513	18
LuaReduceEnergy	ReduceEnergy	227	18
LuaUseSilver	UseSilver	207	18
LuaGetRank	GetRank	104	18
LuaLG_ApplyAppendLeagueTask	LG_ApplyAppendLeagueTask	27	18
LuaReplaceString	ReplaceString	640	17
LuaGetNpcAroundPlayerList	GetNpcAroundPlayerList	411	17
LuaHideNpc	HideNpc	362	17
LuaGetItemMagicAttrib	GetItemMagicAttrib	277	17
LuaLGM_CreateMemberObj	LGM_CreateMemberObj	268	17
LuaGetSkillMaxLevel	GetSkillMaxLevel	163	17
LuaTONG_GetBuildFund	TONG_GetBuildFund	155	17
LuaSubWorldName	SubWorldName	142	17
LuaGetNpcCurCamp	GetNpcCurCamp	130	17
LuaGetIP	GetIP	120	17
LuaGetMaxDurability	GetMaxDurability	108	17
LuaStopTimer	StopTimer	45	17
LuaNpcWalk	NpcWalk	263	16
LuaGetRoomItems	GetRoomItems	239	16
LuaAddExtPoint	AddExtPoint	192	16
LuaNewItemEx	NewItemEx	163	16
LuaGetPlayerSex	GetPlayerSex	104	16
LuaAddLocalNews	AddLocalNews	346	15
LuaAddQualityItem	AddQualityItem	333	15
LuaTWS_GetFirstWorkshop	TWS_GetFirstWorkshop	234	15
LuaC_Random	C_Random	230	15
LuaTONG_ApplyAddBuildFund	TONG_ApplyAddBuildFund	203	15
LuaSetTimer	SetTimer	150	15
LuaNW_GetTask	NW_GetTask	116	15
LuaGetSkillMaxLevelAddons	GetSkillMaxLevelAddons	75	15
LuaNpcCastSkill	NpcCastSkill	480	14
LuaTONG_GetWeek	TONG_GetWeek	155	14
LuaGetCurDurability	GetCurDurability	108	14
LuaNW_IsEmperor	NW_IsEmperor	105	14
LuaGetTongMemberID	GetTongMemberID	77	14
LuaGetAroundNpcList	GetAroundNpcList	399	13
LuaTabFile_Search	TabFile_Search	360	13
LuaGetTmpValue	GetTmpValue	322	13
LuaAddEnergy	AddEnergy	229	13
LuaAppendString	AppendString	184	13
LuaTONG_GetWarBuildFund	TONG_GetWarBuildFund	155	13
LuaGetTripMode	GetTripMode	43	13
LuaLGM_ApplyAddMember	LGM_ApplyAddMember	1402	12
LuaGetTaskStatus	GetTaskStatus	279	12
LuaFormatTime2Date	FormatTime2Date	249	12
LuaLGM_FreeMemberObj	LGM_FreeMemberObj	181	12
LuaKickOutSelf	KickOutSelf	175	12
LuaSetDeathType	SetDeathType	115	12
LuaLG_AddMemberToObj	LG_AddMemberToObj	3240	11
LuaQueryWiseMan	QueryWiseMan	377	11
LuaSetNpcActiveRegion	SetNpcActiveRegion	304	11
LuaTime2Tm	Time2Tm	266	11
LuaString2Id	String2Id	97	11
LuaAddSkillExp	AddSkillExp	513	10
LuaSetTmpValue	SetTmpValue	375	10
LuaAddVerItem	AddVerItem	299	10
LuaGetCityWarBothSides	GetCityWarBothSides	224	10
LuaDisabledUseHeart	DisabledUseHeart	223	10
LuaSetMaxDurability	SetMaxDurability	222	10
LuaTONG_ApplyAddWarBuildFund	TONG_ApplyAddWarBuildFund	203	10
LuaAddPlayerEvent	AddPlayerEvent	197	10
LuaLG_GetFirstLeague	LG_GetFirstLeague	194	10
LuaTONG_ApplyAddHistoryRecord	TONG_ApplyAddHistoryRecord	189	10
LuaGetTaskMoney	GetTaskMoney	110	10
LuaGetTiredDegree	GetTiredDegree	95	10
LuaLG_ApplySetMemberTask	LG_ApplySetMemberTask	27	10
LuaAppointViceroy	AppointViceroy	450	9
LuaSetNpcAuraSkill	SetNpcAuraSkill	264	9
LuaHaveCommonItem	HaveCommonItem	263	9
LuaIniFile_SetData	IniFile_SetData	215	9
LuaOB_IsEmpty	OB_IsEmpty	194	9
LuaAddLeadExp	AddLeadExp	111	9
LuaGetCityArea	GetCityArea	107	9
LuaGetLocalTime	GetLocalTime	66	9
LuaGetChoose	GetChoose	363	8
LuaGetMapNpcWithName	GetMapNpcWithName	342	8
LuaGetItemMagicDesc	GetItemMagicDesc	303	8
LuaGetTaskId	GetTaskId	274	8
LuaStartTask	StartTask	272	8
LuaTONGM_ApplySetTaskValue	TONGM_ApplySetTaskValue	261	8
LuaTONGM_CheckRight	TONGM_CheckRight	249	8
LuaAddItemByIndex	AddItemByIndex	165	8
LuaGetNpcExpRate	GetNpcExpRate	34	8
LuaGetPlatinaEquipIndex	GetPlatinaEquipIndex	27	8
LuaAddShop2Stores	AddShop2Stores	424	7
LuaNW_GetDuty	NW_GetDuty	379	7
LuaLG_GetNextLeague	LG_GetNextLeague	370	7
LuaOpenStoreBox	OpenStoreBox	342	7
LuaPreApplyDungeonMap	PreApplyDungeonMap	216	7
LuaTONG_ApplyAddStoredBuildFund	TONG_ApplyAddStoredBuildFund	203	7
LuaSetEnergy	SetEnergy	202	7
LuaWriteCompoundLog	WriteCompoundLog	167	7
LuaGetItemLevel	GetItemLevel	150	7
LuaSetAForbitSkill	SetAForbitSkill	150	7
LuaReduceOwnExp	ReduceOwnExp	129	7
LuaGetLastOfflineTime	GetLastOfflineTime	100	7
LuaGetLeadLevel	GetLeadLevel	67	7
LuaCancel	Cancel	7	7
LuaDropItemEx	DropItemEx	741	6
LuaOpenProgressBar	OpenProgressBar	581	6
LuaOB_PushString	OB_PushString	562	6
LuaTONG_GetFirstMember	TONG_GetFirstMember	498	6
LuaQueryMapTrap	QueryMapTrap	330	6
LuaIsArenaBegin	IsArenaBegin	323	6
LuaSyncTaskValueMore	SyncTaskValueMore	271	6
LuaGetSkillExp	GetSkillExp	270	6
LuaTONG_GetMoney	TONG_GetMoney	258	6
LuaKillNpcWithIdx	KillNpcWithIdx	229	6
LuaSetItemStackCount	SetItemStackCount	220	6
LuaTWS_ApplyUse	TWS_ApplyUse	212	6
LuaReturnDungenonMap	ReturnDungenonMap	202	6
LuaCheckStoreBoxState	CheckStoreBoxState	196	6
LuaTONG_SetTaskTemp	TONG_SetTaskTemp	188	6
LuaTONGM_GetTaskValue	TONGM_GetTaskValue	181	6
LuaTONG_GetTaskTemp	TONG_GetTaskTemp	150	6
LuaGetTaskEventID	GetTaskEventID	148	6
LuaIsItemStackable	IsItemStackable	146	6
LuaGetNpcSeries	GetNpcSeries	136	6
LuaIsDisabledUseTownP	IsDisabledUseTownP	131	6
LuaGetRespect	GetRespect	118	6
LuaGetPlayerCamp	GetPlayerCamp	104	6
LuaCheckGlobalTradeFlag	CheckGlobalTradeFlag	93	6
LuaGetServerName	GetServerName	87	6
LuaAddItemIntoEquipmentBox	AddItemIntoEquipmentBox	26	6
LuaChangeNpcFeature	ChangeNpcFeature	1085	5
LuaAddObstacleObj	AddObstacleObj	575	5
LuaTWS_GetNextWorkshop	TWS_GetNextWorkshop	465	5
LuaAddLocalCountNews	AddLocalCountNews	458	5
LuaQueryWiseManForSB	QueryWiseManForSB	440	5
LuaThrowAllItem	ThrowAllItem	395	5
LuaGetArenaBothSides	GetArenaBothSides	353	5
LuaStackExp	StackExp	342	5
LuaFindSpecItemParam2	FindSpecItemParam2	260	5
LuaHaveBeginWar	HaveBeginWar	242	5
LuaGetWayPointName	GetWayPointName	221	5
LuaTONG_ApplyAddPerStandFund	TONG_ApplyAddPerStandFund	203	5
LuaTONG_ApplySetPerStandFund	TONG_ApplySetPerStandFund	203	5
LuaRemovePlayerEvent	RemovePlayerEvent	183	5
LuaTONG_GetName	TONG_GetName	178	5
LuaTONG_GetTongMapBan	TONG_GetTongMapBan	155	5
LuaTONG_GetWeekBuildFund	TONG_GetWeekBuildFund	155	5
LuaAdd120SkillExp	Add120SkillExp	154	5
LuaApplyDungeonMap	ApplyDungeonMap	154	5
LuaGetOnlineCommissionStatus	GetOnlineCommissionStatus	143	5
LuaOpenOwnTask	OpenOwnTask	135	5
LuaSetJoinTongTime	SetJoinTongTime	134	5
LuaGetLoginTime	GetLoginTime	116	5
LuaGetRoleCreateTimeData	GetRoleCreateTimeData	116	5
LuaGetBoxLockState	GetBoxLockState	105	5
LuaOpenAllTask	OpenAllTask	104	5
LuaIsTransLife	IsTransLife	89	5
LuaOpenCreateTask	OpenCreateTask	76	5
LuaGetProtectTime	GetProtectTime	75	5
LuaUseTownPortal	UseTownPortal	55	5
LuaNW_GetEmperorName	NW_GetEmperorName	32	5
LuaLGM_ApplyRemoveMember	LGM_ApplyRemoveMember	702	4
LuaGetStationPos	GetStationPos	462	4
LuaOB_PushByte	OB_PushByte	364	4
LuaGetDynamicShopID	GetDynamicShopID	345	4
LuaSendScriptData	SendScriptData	337	4
LuaTRepair	TRepair	296	4
LuaGetSkillNextExp	GetSkillNextExp	285	4
LuaUpgradePlatinaItem	UpgradePlatinaItem	282	4
LuaTWS_ApplySetTaskValue	TWS_ApplySetTaskValue	273	4
LuaIsNpcHide	IsNpcHide	242	4
LuaTWS_ApplySetUseLevel	TWS_ApplySetUseLevel	232	4
LuaGetMapParam	GetMapParam	204	4
LuaForbitSyncName	ForbitSyncName	184	4
LuaSelectTaskFinish	SelectTaskFinish	183	4
LuaGetEventTask	GetEventTask	182	4
LuaSetItemNewFeature	SetItemNewFeature	161	4
LuaTONG_GetPerStandFund	TONG_GetPerStandFund	155	4
LuaTONG_GetStoredOffer	TONG_GetStoredOffer	155	4
LuaTONG_GetTongMapTemplate	TONG_GetTongMapTemplate	155	4
LuaAddTongExp	AddTongExp	154	4
LuaAddTongMoney	AddTongMoney	148	4
LuaSetLastOfflineTime	SetLastOfflineTime	136	4
LuaTWS_SetBuildingNpc	TWS_SetBuildingNpc	134	4
LuaGetRestTime	GetRestTime	131	4
LuaGetMapType	GetMapType	125	4
LuaGetNpcDropRateFile	GetNpcDropRateFile	123	4
LuaGetEventTaskCount	GetEventTaskCount	122	4
LuaGetExpPercent	GetExpPercent	122	4
LuaGetAllEquipment	GetAllEquipment	121	4
LuaNW_EmperorHistoryCount	NW_EmperorHistoryCount	119	4
LuaGetPlayerIndex	GetPlayerIndex	115	4
LuaGetWeeklyOffer	GetWeeklyOffer	115	4
LuaTONGM_IsExist	TONGM_IsExist	100	4
LuaCloseShop	CloseShop	99	4
LuaTONG_GetNextMember	TONG_GetNextMember	610	3
LuaGetMapPlayerList	GetMapPlayerList	510	3
LuaSetTongMTask	SetTongMTask	474	3
LuaClearObstacleObj	ClearObstacleObj	413	3
LuaRenameTong	RenameTong	402	3
LuaGetTongMTask	GetTongMTask	378	3
LuaFindFreeRoomByWH	FindFreeRoomByWH	342	3
LuaQueryTongName	QueryTongName	292	3
LuaSetPkReduceState	SetPkReduceState	279	3
LuaIsSigningUp	IsSigningUp	231	3
LuaGetStationName	GetStationName	221	3
LuaPlayMusic	PlayMusic	221	3
LuaFoundryItem	FoundryItem	220	3
LuaDisabledTeam	DisabledTeam	219	3
LuaTONG_ApplyAddWeekBuildFund	TONG_ApplyAddWeekBuildFund	203	3
LuaTONG_ApplySetPauseState	TONG_ApplySetPauseState	203	3
LuaTONG_ApplySetWeekGoalEvent	TONG_ApplySetWeekGoalEvent	203	3
LuaBindItem	BindItem	198	3
LuaNpcDropMoney	NpcDropMoney	197	3
LuaTWS_GetWorkshopCount	TWS_GetWorkshopCount	189	3
LuaSelectTaskStart	SelectTaskStart	183	3
LuaTONG_ApplyAddMoney	TONG_ApplyAddMoney	181	3
LuaGetItemCmd	GetItemCmd	177	3
LuaNotifyWarResult	NotifyWarResult	175	3
LuaAddCumulateOffer	AddCumulateOffer	174	3
LuaForbitSyncAura	ForbitSyncAura	169	3
LuaNotifyArenaResult	NotifyArenaResult	167	3
LuaGetNpcPowerType	GetNpcPowerType	161	3
LuaTONG_GetCurCamp	TONG_GetCurCamp	155	3
LuaTONG_GetMaintainFund	TONG_GetMaintainFund	155	3
LuaTONG_GetStoredBuildFund	TONG_GetStoredBuildFund	155	3
LuaTONG_GetUnionID	TONG_GetUnionID	155	3
LuaTONG_GetWarState	TONG_GetWarState	155	3
LuaTONG_GetWeekGoalEvent	TONG_GetWeekGoalEvent	155	3
LuaRemoveNpcSkillState	RemoveNpcSkillState	153	3
LuaResumeTimer	ResumeTimer	153	3
LuaSuspendTimer	SuspendTimer	153	3
LuaTONGM_GetLastOnlineDate	TONGM_GetLastOnlineDate	150	3
LuaGetTaskValue	GetTaskValue	148	3
LuaForbitTalk	ForbitTalk	142	3
LuaSetLastLogoutTime	SetLastLogoutTime	136	3
LuaGetMaskFeature	GetMaskFeature	131	3
LuaGetPartnerBagLevel	GetPartnerBagLevel	120	3
LuaSetDeathPunish_PK10	SetDeathPunish_PK10	115	3
LuaForbitStamina	ForbitStamina	112	3
LuaDisableTeamChangeCamp	DisableTeamChangeCamp	104	3
LuaNW_CheckText	NW_CheckText	104	3
LuaTONGM_GetOnline	TONGM_GetOnline	104	3
LuaTWS_GetBuildingNpc	TWS_GetBuildingNpc	101	3
LuaGetLastLogoutTime	GetLastLogoutTime	100	3
LuaGetProgressBarMaskEvent	GetProgressBarMaskEvent	68	3
LuaAddPlatinaItem	AddPlatinaItem	27	3
LuaAddItemNoStack	AddItemNoStack	26	3
LuaNW_EmperorHistory	NW_EmperorHistory	941	2
LuaAddTempMagic	AddTempMagic	696	2
LuaGetArenaInfoByCity	GetArenaInfoByCity	666	2
LuaAroundFillString	AroundFillString	652	2
LuaLG_ApplyRemoveLeague	LG_ApplyRemoveLeague	520	2
LuaLeftFillString	LeftFillString	504	2
LuaMakeDateTime	MakeDateTime	494	2
LuaPreviewPlatinaUpgrade	PreviewPlatinaUpgrade	453	2
LuaOpenCityManageUI	OpenCityManageUI	447	2
LuaPreviewPlatinaFromGold	PreviewPlatinaFromGold	437	2
LuaTONG_ApplyDegrade	TONG_ApplyDegrade	352	2
LuaGetItemLife	GetItemLife	325	2
LuaGetWayPointPos	GetWayPointPos	312	2
LuaUpdateSDBRecord	UpdateSDBRecord	312	2
LuaAddMaxResist	AddMaxResist	306	2
LuaKillPlayer	KillPlayer	294	2
LuaGetQuestionPrice	GetQuestionPrice	288	2
LuaTWS_ApplySetUseLevelSet	TWS_ApplySetUseLevelSet	281	2
LuaRightFillString	RightFillString	279	2
LuaGetQuestionTip	GetQuestionTip	277	2
LuaGetPlayerFeature	GetPlayerFeature	271	2
LuaSetRespect	SetRespect	261	2
LuaSetOnlineCommissionStatus	SetOnlineCommissionStatus	255	2
LuaSendSpreaderCDKey	SendSpreaderCDKey	252	2
LuaDoMarry	DoMarry	239	2
LuaFirstTask	FirstTask	236	2
LuaTONGM_ApplySetRetireDate	TONGM_ApplySetRetireDate	234	2
LuaOB_PopString	OB_PopString	228	2
LuaOB_PopInt	OB_PopInt	208	2
LuaSetAutoHangFreeFlag	SetAutoHangFreeFlag	207	2
LuaAttachActor	AttachActor	205	2
LuaTONG_ApplyAddWeekGoalValue	TONG_ApplyAddWeekGoalValue	203	2
LuaTONG_ApplySetCurWeekGoalLevel	TONG_ApplySetCurWeekGoalLevel	203	2
LuaTONG_ApplySetMaintainFund	TONG_ApplySetMaintainFund	203	2
LuaTONG_ApplySetOccupyCityDay	TONG_ApplySetOccupyCityDay	203	2
LuaTONG_ApplySetWeekGoalLevel	TONG_ApplySetWeekGoalLevel	203	2
LuaTONG_ApplySetWeekGoalPlayer	TONG_ApplySetWeekGoalPlayer	203	2
LuaTONG_ApplySetWeekGoalPricePlayer	TONG_ApplySetWeekGoalPricePlayer	203	2
LuaTONG_ApplySetWeekGoalPriceTong	TONG_ApplySetWeekGoalPriceTong	203	2
LuaTONG_ApplySetWeekGoalTotal	TONG_ApplySetWeekGoalTotal	203	2
LuaGetPayTicket	GetPayTicket	201	2
LuaTONG_GetNextTong	TONG_GetNextTong	196	2
LuaAddTicket	AddTicket	192	2
LuaNextTask	NextTask	189	2
LuaSelectTaskAward	SelectTaskAward	183	2
LuaAddWeekGoalOffer	AddWeekGoalOffer	182	2
LuaAddWeeklyOffer	AddWeeklyOffer	174	2
LuaSetPartnerBagLevel	SetPartnerBagLevel	171	2
LuaTONG_GetStandFund	TONG_GetStandFund	170	2
LuaGetItemMaxStackCount	GetItemMaxStackCount	167	2
LuaMoveTongExp	MoveTongExp	163	2
LuaTripC_GetServerName	TripC_GetServerName	163	2
LuaNW_RemarkEmperor	NW_RemarkEmperor	160	2
LuaGetAutoHangExpValue	GetAutoHangExpValue	157	2
LuaTONG_GetCurWeekGoalLevel	TONG_GetCurWeekGoalLevel	155	2
LuaTONG_GetLWeekGoalEvent	TONG_GetLWeekGoalEvent	155	2
LuaTONG_GetWeekGoalPlayer	TONG_GetWeekGoalPlayer	155	2
LuaTONGM_GetOffer	TONGM_GetOffer	150	2
LuaTWS_GetTaskValue	TWS_GetTaskValue	148	2
LuaGetArenaCityArea	GetArenaCityArea	147	2
LuaTWS_GetUseLevelSet	TWS_GetUseLevelSet	141	2
LuaRenameRole	RenameRole	138	2
LuaIsTongWarMap	IsTongWarMap	134	2
LuaSetSkillMaxLevelAddons	SetSkillMaxLevelAddons	126	2
LuaGetItemBelong	GetItemBelong	124	2
LuaGetMapDropRateFile	GetMapDropRateFile	123	2
LuaIsSpectator	IsSpectator	120	2
LuaNW_InEmperorTong	NW_InEmperorTong	120	2
LuaOfflineLive	OfflineLive	117	2
LuaSetDeathReliveFlag	SetDeathReliveFlag	116	2
LuaGetCumulateOffer	GetCumulateOffer	115	2
LuaGetLastExchangeTime	GetLastExchangeTime	100	2
LuaGetWeekGoalOffer	GetWeekGoalOffer	99	2
LuaTONG_WriteLog	TONG_WriteLog	88	2
LuaGetArenaTargetCity	GetArenaTargetCity	80	2
LuaDoRelayScript	DoRelayScript	76	2
LuaNW_OwnSeal	NW_OwnSeal	66	2
LuaTONG_GetFirstTong	TONG_GetFirstTong	60	2
LuaRevivalAllNpc	RevivalAllNpc	45	2
LuaCreateStores	CreateStores	41	2
LuaOpenStores	OpenStores	41	2
LuaTimerFuncForAutoHang	TimerFuncForAutoHang	1558	1
LuaGetItemDiceRollInfo	GetItemDiceRollInfo	1352	1
LuaSTAT_GetGoodsName	STAT_GetGoodsName	1131	1
LuaSwearBrother	SwearBrother	990	1
LuaGetArenaSchedule	GetArenaSchedule	890	1
LuaCheckTicket	CheckTicket	883	1
LuaGetCitySummary	GetCitySummary	754	1
LuaAddVerGoldItem	AddVerGoldItem	742	1
LuaAddDiceItemInfo	AddDiceItemInfo	571	1
LuaTONG_DistributeOfferToGroup	TONG_DistributeOfferToGroup	540	1
LuaLG_GetMemberJoinTime	LG_GetMemberJoinTime	536	1
LuaAddMoneyObj	AddMoneyObj	469	1
LuaApplyItemDice	ApplyItemDice	469	1
LuaTripC_Apply	TripC_Apply	461	1
LuaNW_Enthrone	NW_Enthrone	458	1
LuaRollItem	RollItem	447	1
LuaTONG_ContributeOffer	TONG_ContributeOffer	438	1
LuaTONG_ApplyKickMember	TONG_ApplyKickMember	426	1
LuaTONG_DistributeOfferToMember	TONG_DistributeOfferToMember	426	1
LuaChangeTeamFeature	ChangeTeamFeature	405	1
LuaSignUpCityWar	SignUpCityWar	385	1
LuaGetNextItemIndexInRoom	GetNextItemIndexInRoom	379	1
LuaGetPlayerInfo	GetPlayerInfo	379	1
LuaSyncCitySummary	SyncCitySummary	358	1
LuaOB_PushDouble	OB_PushDouble	342	1
LuaUnBindItem	UnBindItem	312	1
LuaLG_GetMemberObj	LG_GetMemberObj	306	1
LuaAddRespect	AddRespect	291	1
LuaAppointChallenger	AppointChallenger	290	1
LuaGetChooseCount	GetChooseCount	288	1
LuaUpgradePlatinaFromGoldItem	UpgradePlatinaFromGoldItem	282	1
LuaTableSDD_Close	TableSDD_Close	275	1
LuaTableSDD_Open	TableSDD_Open	275	1
LuaQueryRoleName	QueryRoleName	265	1
LuaSetArenaCredits	SetArenaCredits	261	1
LuaNW_SetNationTitle	NW_SetNationTitle	258	1
LuaCalcAutoHangPlayerCount	CalcAutoHangPlayerCount	252	1
LuaSetMapParam	SetMapParam	252	1
LuaGetLevelExp	GetLevelExp	251	1
LuaTONG_ApplySetTongMapBan	TONG_ApplySetTongMapBan	250	1
LuaTONG_ApplySetStunt	TONG_ApplySetStunt	242	1
LuaSetMangonelParam	SetMangonelParam	240	1
LuaGetNpcTong	GetNpcTong	234	1
LuaGetRoleCreateDate	GetRoleCreateDate	234	1
LuaTONGM_ApplyAddOffer	TONGM_ApplyAddOffer	234	1
LuaTONGM_ApplySetLastOnlineDate	TONGM_ApplySetLastOnlineDate	234	1
LuaTWS_ApplySetDayOutput	TWS_ApplySetDayOutput	234	1
LuaOB_PopDouble	OB_PopDouble	225	1
LuaNW_ForbidChat	NW_ForbidChat	220	1
LuaCalcEnhanceExp	CalcEnhanceExp	218	1
LuaSetAutoHangMapFlag	SetAutoHangMapFlag	217	1
LuaNW_Levy	NW_Levy	215	1
LuaOB_PopByte	OB_PopByte	215	1
LuaTONG_GetExpLevel	TONG_GetExpLevel	215	1
LuaNW_OpenCongratulation	NW_OpenCongratulation	214	1
LuaTaskTip	TaskTip	206	1
LuaGetAllCitySummary	GetAllCitySummary	203	1
LuaTONG_ApplyAddDay	TONG_ApplyAddDay	203	1
LuaTONG_ApplyAddStoredOffer	TONG_ApplyAddStoredOffer	203	1
LuaTONG_ApplyAddTotalBuildFund	TONG_ApplyAddTotalBuildFund	203	1
LuaTONG_ApplyAddWeek	TONG_ApplyAddWeek	203	1
LuaTONG_ApplySetLWeekGoalEvent	TONG_ApplySetLWeekGoalEvent	203	1
LuaTONG_ApplySetLWeekGoalLevel	TONG_ApplySetLWeekGoalLevel	203	1
LuaTONG_ApplySetLWeekGoalPlayer	TONG_ApplySetLWeekGoalPlayer	203	1
LuaTONG_ApplySetLWeekGoalPricePlayer	TONG_ApplySetLWeekGoalPricePlayer	203	1
LuaTONG_ApplySetLWeekGoalPriceTong	TONG_ApplySetLWeekGoalPriceTong	203	1
LuaTONG_ApplySetLWeekGoalTotal	TONG_ApplySetLWeekGoalTotal	203	1
LuaTONG_ApplySetLWeekGoalValue	TONG_ApplySetLWeekGoalValue	203	1
LuaTONG_ApplySetWeekBuildFund	TONG_ApplySetWeekBuildFund	203	1
LuaTONG_ApplySetWeekGoalValue	TONG_ApplySetWeekGoalValue	203	1
LuaTONG_ApplySetTongMap	TONG_ApplySetTongMap	202	1
LuaTONG_GetOnlineCount	TONG_GetOnlineCount	202	1
LuaNW_GetSealInfo	NW_GetSealInfo	201	1
LuaTWS_ApplyMaintain	TWS_ApplyMaintain	199	1
LuaIsSeriesConquer	IsSeriesConquer	197	1
LuaOpenHelp	OpenHelp	196	1
LuaTrimString	TrimString	191	1
LuaSetMapType	SetMapType	190	1
LuaSetWorldName	SetWorldName	187	1
LuaSetWeeklyOffer	SetWeeklyOffer	182	1
LuaSetSiegeVoitureParam	SetSiegeVoitureParam	179	1
LuaDelObject	DelObject	172	1
LuaGetArenaTotalLevelByCity	GetArenaTotalLevelByCity	172	1
LuaGetItemPrice	GetItemPrice	167	1
LuaGetRepairDurPrice	GetRepairDurPrice	162	1
LuaGetTongMemberCount	GetTongMemberCount	155	1
LuaSetTaskValue	SetTaskValue	155	1
LuaTONG_GetLWeekGoalPlayer	TONG_GetLWeekGoalPlayer	155	1
LuaTONG_GetLWeekGoalPricePlayer	TONG_GetLWeekGoalPricePlayer	155	1
LuaTONG_GetLWeekGoalPriceTong	TONG_GetLWeekGoalPriceTong	155	1
LuaTONG_GetOccupyCityDay	TONG_GetOccupyCityDay	155	1
LuaTONG_GetWeekGoalLevel	TONG_GetWeekGoalLevel	155	1
LuaTONG_GetWeekGoalPricePlayer	TONG_GetWeekGoalPricePlayer	155	1
LuaTONG_GetWeekGoalPriceTong	TONG_GetWeekGoalPriceTong	155	1
LuaTONG_GetWeekGoalTotal	TONG_GetWeekGoalTotal	155	1
LuaTONG_GetWeekGoalValue	TONG_GetWeekGoalValue	155	1
LuaGetPtMagicAttrExValue	GetPtMagicAttrExValue	154	1
LuaTongClaimWar	TongClaimWar	154	1
LuaGetItemSeries	GetItemSeries	150	1
LuaNW_AwardEmperor	NW_AwardEmperor	150	1
LuaTONGM_GetJoinDay	TONGM_GetJoinDay	150	1
LuaTONGM_GetLWeekGoalOffer	TONGM_GetLWeekGoalOffer	150	1
LuaTONGM_GetRetireDate	TONGM_GetRetireDate	150	1
LuaGetItemHeight	GetItemHeight	146	1
LuaGetItemWidth	GetItemWidth	146	1
LuaLoginDelaySync	LoginDelaySync	144	1
LuaGetMapTrapCount	GetMapTrapCount	141	1
LuaOB_Clear	OB_Clear	137	1
LuaGetItemExchangeValue	GetItemExchangeValue	136	1
LuaIsDisabledStall	IsDisabledStall	131	1
LuaIsDisabledUseHeart	IsDisabledUseHeart	131	1
LuaIsOwnFeatureChanged	IsOwnFeatureChanged	131	1
LuaNpcDialog	NpcDialog	124	1
LuaGetCityWarTongCamp	GetCityWarTongCamp	122	1
LuaMantle	Mantle	121	1
LuaIniFile_UnLoad	IniFile_UnLoad	119	1
LuaGMCancleBoxPassword	GMCancleBoxPassword	117	1
LuaGetOrgMaxDurability	GetOrgMaxDurability	117	1
LuaTONG_ApplyWeeklyMaintain	TONG_ApplyWeeklyMaintain	117	1
LuaSetTireTime	SetTireTime	115	1
LuaTONG_IsExist	TONG_IsExist	115	1
LuaGetArenaTotalLevel	GetArenaTotalLevel	111	1
LuaGetAccrueSeries	GetAccrueSeries	108	1
LuaGetConquerSeries	GetConquerSeries	108	1
LuaPlayerLevelUp	PlayerLevelUp	106	1
LuaNW_GetRemark	NW_GetRemark	103	1
LuaGetArenaCredits	GetArenaCredits	100	1
LuaGetBoxMoney	GetBoxMoney	99	1
LuaNW_Abdicate	NW_Abdicate	90	1
LuaNumber2Int	Number2Int	81	1
LuaGetArenaLevel	GetArenaLevel	80	1
LuaGetPlayerFortuneRank	GetPlayerFortuneRank	75	1
LuaGetFirstPlayerAtServer	GetFirstPlayerAtServer	47	1
LuaGetNextPlayerAtServer	GetNextPlayerAtServer	47	1
LuaIsGSHaveFreeMap	IsGSHaveFreeMap	47	1
LuaTripC_GetServerCount	TripC_GetServerCount	47	1
LuaGetNpcFreeCount	GetNpcFreeCount	43	1
LuaGetPayTicketCount	GetPayTicketCount	43	1
LuaSTAT_GetGoodsCount	STAT_GetGoodsCount	34	1
LuaGetPlayerMagicAttrib	GetPlayerMagicAttrib	3679	0
LuaTong_GetLogData	Tong_GetLogData	2704	0
LuaDescribeUI	DescribeUI	1514	0
LuaSTAT_SearchGoodsSaledItem	STAT_SearchGoodsSaledItem	1474	0
Lua_GiveItemUI	_GiveItemUI	1421	0
LuaPriseUI	PriseUI	1309	0
LuaSelectUI	SelectUI	1225	0
LuaAddMissionPlayer	AddMissionPlayer	1159	0
LuaRemoveMissionPlayer	RemoveMissionPlayer	1079	0
LuaCloseGlobalMission	CloseGlobalMission	916	0
LuaMissionMsg2Group	MissionMsg2Group	914	0
LuaTalkUI	TalkUI	902	0
LuaTONG_GetTongByRoleName	TONG_GetTongByRoleName	899	0
Lua_IncludeLib	_IncludeLib	851	0
LuaMissionPlayerCount	MissionPlayerCount	837	0
LuaGetMissionPlayerParam	GetMissionPlayerParam	802	0
LuaAddGlobalTimeNews	AddGlobalTimeNews	800	0
LuaAddLocalTimeNews	AddLocalTimeNews	800	0
LuaStartGlobalMissionTimer	StartGlobalMissionTimer	795	0
LuaSetMissionPlayerParam	SetMissionPlayerParam	791	0
Lua_NPCINFO_AddBlueNpc	_NPCINFO_AddBlueNpc	773	0
LuaInitGlobalMission	InitGlobalMission	771	0
LuaMissionMsg2Player	MissionMsg2Player	764	0
LuaPlayerJoinMission	PlayerJoinMission	757	0
LuaOutputMonsterPos	OutputMonsterPos	753	0
LuaGetMissionRestTime	GetMissionRestTime	727	0
LuaStopGlobalMissionTimer	StopGlobalMissionTimer	713	0
LuaGetMissionPlayer_DataIndex	GetMissionPlayer_DataIndex	695	0
Lua_AddTitle	_AddTitle	688	0
Lua_SaveSDB2Relay	_SaveSDB2Relay	642	0
LuaGetMissionPlayer_PlayerIndex	GetMissionPlayer_PlayerIndex	639	0
LuaGetPlayerMissionGroup	GetPlayerMissionGroup	636	0
Lua_BT_SendMemberCount	_BT_SendMemberCount	633	0
LuaMissionMsg2All	MissionMsg2All	625	0
LuaRunGlobalMission	RunGlobalMission	586	0
LuaAttackNpc	AttackNpc	580	0
LuaLotteryGetLatestPrizeInfo	LotteryGetLatestPrizeInfo	572	0
LuaAddTongMTask	AddTongMTask	554	0
LuaAddSomeObj	AddSomeObj	530	0
LuaGetSignUpTongName	GetSignUpTongName	504	0
LuaOB_Append	OB_Append	491	0
LuaGetDockPos	GetDockPos	485	0
LuaDiceLootItem	DiceLootItem	465	0
Lua_ITEM_DropItemFromRate	_ITEM_DropItemFromRate	463	0
LuaOB_Copy	OB_Copy	458	0
LuaTabFile_SetCell	TabFile_SetCell	417	0
LuaGMTongAddMember	GMTongAddMember	415	0
Lua_AddExpInMap	_AddExpInMap	412	0
LuaClearSomeObj	ClearSomeObj	410	0
Lua_SDBLadder_NewLadderData	_SDBLadder_NewLadderData	410	0
LuaEnterNewWorld	EnterNewWorld	408	0
LuaGetAroundPlayerList	GetAroundPlayerList	402	0
LuaTWS_ApplyDegrade	TWS_ApplyDegrade	400	0
LuaTWS_ApplyUpgrade	TWS_ApplyUpgrade	400	0
LuaWriteStatLog	WriteStatLog	393	0
Lua_BT_SendLadderNo	_BT_SendLadderNo	392	0
LuaDoMarryDismiss	DoMarryDismiss	391	0
LuaSetDeathRevivalPos	SetDeathRevivalPos	386	0
LuaAddTempItem	AddTempItem	379	0
LuaAddPlayerWayPoint	AddPlayerWayPoint	378	0
LuaSetHighLightPos	SetHighLightPos	378	0
LuaCreateATeam	CreateATeam	371	0
Lua_GetLadderInfo	_GetLadderInfo	370	0
LuaGetNewWorldPos	GetNewWorldPos	364	0
LuaLotteryCheckPrize	LotteryCheckPrize	361	0
LuaSaveMaskFeature	SaveMaskFeature	361	0
LuaGetLevelUpExp	GetLevelUpExp	360	0
LuaOpenDiceGame	OpenDiceGame	360	0
Lua_GetBattleParam	_GetBattleParam	356	0
LuaTONG_ApplyUpgrade	TONG_ApplyUpgrade	352	0
LuaSetPlayerLightResist	SetPlayerLightResist	350	0
LuaTableSDD_GetHeight	TableSDD_GetHeight	350	0
Lua_BattleSortMySelf	_BattleSortMySelf	348	0
LuaGetEquipValue	GetEquipValue	342	0
LuaSendMessageInfo	SendMessageInfo	334	0
LuaGetTaskItemCount	GetTaskItemCount	325	0
LuaGetTaskItemCountEx	GetTaskItemCountEx	325	0
LuaSetPlayerColdResist	SetPlayerColdResist	318	0
LuaSetPlayerFireResist	SetPlayerFireResist	318	0
LuaSetPlayerPhysicsResist	SetPlayerPhysicsResist	318	0
LuaSetPlayerPoisonResist	SetPlayerPoisonResist	318	0
LuaFile_CreateFile	File_CreateFile	316	0
LuaGetPlayerColdResist	GetPlayerColdResist	314	0
LuaGetPlayerFireResist	GetPlayerFireResist	314	0
LuaGetPlayerLightResist	GetPlayerLightResist	314	0
LuaGetPlayerPhysicsResist	GetPlayerPhysicsResist	314	0
LuaGetPlayerPoisonResist	GetPlayerPoisonResist	314	0
LuaGetPlayerStation	GetPlayerStation	312	0
Lua_BT_GetLadderInfo	_BT_GetLadderInfo	312	0
Lua_SortWorldLadder	_SortWorldLadder	306	0
LuaIncludeFile	IncludeFile	303	0
LuaLG_GetLeagueCreateTime	LG_GetLeagueCreateTime	302	0
Lua_GetTitleInfo	_GetTitleInfo	295	0
LuaGetQuestionAnswer	GetQuestionAnswer	294	0
LuaUnPack	UnPack	293	0
LuaLotteryGenerateItem	LotteryGenerateItem	292	0
Lua_ChatRoom_CreateRoom	_ChatRoom_CreateRoom	292	0
Lua_ChatRoom_EnterRoom	_ChatRoom_EnterRoom	292	0
LuaGetQuestionBeginPayTime	GetQuestionBeginPayTime	288	0
LuaGetQuestionEndPayTime	GetQuestionEndPayTime	288	0
Lua_Battle_UpdateMemberCount	_Battle_UpdateMemberCount	288	0
LuaTellPos	TellPos	287	0
Lua_LoadMap	_LoadMap	287	0
Lua_TM_SetTimer	_TM_SetTimer	286	0
LuaTONGM_ApplyAddRight	TONGM_ApplyAddRight	285	0
LuaTONGM_ApplyDelRight	TONGM_ApplyDelRight	285	0
LuaAddArenaCredits	AddArenaCredits	283	0
LuaIsOpeningModule	IsOpeningModule	281	0
LuaReduceRespect	ReduceRespect	280	0
LuaSetImmediately_Skill	SetImmediately_Skill	279	0
Lua_BattleClearAllData	_BattleClearAllData	278	0
LuaAskAuctionStatus	AskAuctionStatus	276	0
LuaGetQuestionString	GetQuestionString	275	0
LuaGetTaskAward	GetTaskAward	274	0
LuaGetTaskCondition	GetTaskCondition	274	0
LuaGetTaskEntity	GetTaskEntity	274	0
LuaGetTaskEvent	GetTaskEvent	274	0
LuaGetTaskTalk	GetTaskTalk	274	0
LuaMsgToTeam	MsgToTeam	273	0
LuaTWS_ApplyAddTaskValue	TWS_ApplyAddTaskValue	273	0
LuaTWS_ApplyAddUTaskValue	TWS_ApplyAddUTaskValue	273	0
LuaModifyPlayerExp	ModifyPlayerExp	272	0
LuaReduceArenaCredits	ReduceArenaCredits	272	0
LuaGetRevivalIDWXY	GetRevivalIDWXY	268	0
LuaMsgToIP	MsgToIP	267	0
LuaSetMaxResist	SetMaxResist	267	0
Lua_ITEM_FindNext	_ITEM_FindNext	267	0
LuaKickOutAccount	KickOutAccount	266	0
LuaKickOutPlayer	KickOutPlayer	266	0
LuaTONG_ChangeMemberFearure	TONG_ChangeMemberFearure	263	0
LuaSetNpcActionScript	SetNpcActionScript	262	0
LuaDoSth	DoSth	261	0
LuaTONGM_ApplyAddTaskValue	TONGM_ApplyAddTaskValue	261	0
LuaTONGM_ApplyAddUTaskValue	TONGM_ApplyAddUTaskValue	261	0
LuaModifyRepute	ModifyRepute	260	0
LuaNW_Dismiss	NW_Dismiss	258	0
Lua_ChatRoom_ChangePassword	_ChatRoom_ChangePassword	257	0
Lua_ChatRoom_KickOut	_ChatRoom_KickOut	257	0
Lua_ChatRoom_Prevent	_ChatRoom_Prevent	257	0
Lua_ChatRoom_UnPrevent	_ChatRoom_UnPrevent	257	0
Lua_BT_GetTopTenInfo	_BT_GetTopTenInfo	255	0
Lua_SetTypeBonus	_SetTypeBonus	249	0
LuaDelMapTrap	DelMapTrap	246	0
LuaNW_Instate	NW_Instate	244	0
LuaIniFile_SaveFile	IniFile_SaveFile	243	0
LuaSetPlatinaMagicIndex	SetPlatinaMagicIndex	237	0
LuaBotValidateClient	BotValidateClient	235	0
LuaTONG_ApplyAddUTaskValue	TONG_ApplyAddUTaskValue	235	0
LuaAddRandomItemForAutoHang	AddRandomItemForAutoHang	234	0
LuaGetPlayerMana	GetPlayerMana	234	0
LuaGetPlayerStamina	GetPlayerStamina	234	0
LuaTONGM_ApplyAddLWeekGoalOffer	TONGM_ApplyAddLWeekGoalOffer	234	0
LuaTONGM_ApplyAddLWeeklyOffer	TONGM_ApplyAddLWeeklyOffer	234	0
LuaTONGM_ApplyAddLastOnlineDate	TONGM_ApplyAddLastOnlineDate	234	0
LuaTONGM_ApplyAddMoney	TONGM_ApplyAddMoney	234	0
LuaTONGM_ApplyAddOfferEx	TONGM_ApplyAddOfferEx	234	0
LuaTONGM_ApplyAddRetireDate	TONGM_ApplyAddRetireDate	234	0
LuaTONGM_ApplyAddULWeekGoalOffer	TONGM_ApplyAddULWeekGoalOffer	234	0
LuaTONGM_ApplyAddULWeeklyOffer	TONGM_ApplyAddULWeeklyOffer	234	0
LuaTONGM_ApplyAddULastOnlineDate	TONGM_ApplyAddULastOnlineDate	234	0
LuaTONGM_ApplyAddUMoney	TONGM_ApplyAddUMoney	234	0
LuaTONGM_ApplyAddURetireDate	TONGM_ApplyAddURetireDate	234	0
LuaTONGM_ApplySetLWeekGoalOffer	TONGM_ApplySetLWeekGoalOffer	234	0
LuaTONGM_ApplySetLWeeklyOffer	TONGM_ApplySetLWeeklyOffer	234	0
LuaTONGM_ApplySetMoney	TONGM_ApplySetMoney	234	0
LuaTWS_ApplyAddUDayOutput	TWS_ApplyAddUDayOutput	234	0
Lua_GetTypeBonus	_GetTypeBonus	234	0
LuaAskKillerStatus	AskKillerStatus	230	0
LuaForceTransferTax	ForceTransferTax	230	0
LuaGetTeamMemberId	GetTeamMemberId	229	0
LuaLotteryGetDesc	LotteryGetDesc	229	0
LuaMsgToMap	MsgToMap	228	0
LuaKillNpc	KillNpc	227	0
LuaAddPlayerStation	AddPlayerStation	226	0
LuaGetMaxResist	GetMaxResist	223	0
LuaGetRoleCreateTime	GetRoleCreateTime	222	0
LuaSetItemExchangeValue	SetItemExchangeValue	221	0
LuaSetItemFortuneValue	SetItemFortuneValue	221	0
LuaDisabledChatCity	DisabledChatCity	219	0
LuaDisabledChatWorld	DisabledChatWorld	219	0
LuaEHSetCurDurability	EHSetCurDurability	218	0
LuaGetPlayerLife	GetPlayerLife	218	0
LuaSetPlayerFlag	SetPlayerFlag	218	0
LuaTONG_ApplySetAnnouncement	TONG_ApplySetAnnouncement	218	0
LuaGetFailedItem	GetFailedItem	216	0
LuaGetSaleMoney	GetSaleMoney	216	0
LuaTONG_GetUExpLevel	TONG_GetUExpLevel	215	0
LuaSetBotRefuseLogin	SetBotRefuseLogin	214	0
LuaSetMissionString	SetMissionString	212	0
LuaSetNpcPos	SetNpcPos	212	0
Lua_SetNpcScriptParam	_SetNpcScriptParam	211	0
LuaGMTongSetAddTime	GMTongSetAddTime	210	0
LuaSetDeathPunish	SetDeathPunish	210	0
LuaTWS_ApplyAdd	TWS_ApplyAdd	207	0
Lua_BattleBroadGameDataToAll	_BattleBroadGameDataToAll	207	0
LuaSetPlayerFortuneRank	SetPlayerFortuneRank	206	0
LuaSetTaskStringValue	SetTaskStringValue	206	0
LuaGetPlayerWayPoint	GetPlayerWayPoint	205	0
LuaNumOfSignUpTongs	NumOfSignUpTongs	204	0
Lua_BattleSetData	_BattleSetData	204	0
LuaTONG_ApplyAddBuildLevel	TONG_ApplyAddBuildLevel	203	0
LuaTONG_ApplyAddCredit	TONG_ApplyAddCredit	203	0
LuaTONG_ApplyAddCurCamp	TONG_ApplyAddCurCamp	203	0
LuaTONG_ApplyAddCurWeekGoalLevel	TONG_ApplyAddCurWeekGoalLevel	203	0
LuaTONG_ApplyAddExp	TONG_ApplyAddExp	203	0
LuaTONG_ApplyAddLWeekGoalEvent	TONG_ApplyAddLWeekGoalEvent	203	0
LuaTONG_ApplyAddLWeekGoalLevel	TONG_ApplyAddLWeekGoalLevel	203	0
LuaTONG_ApplyAddLWeekGoalPlayer	TONG_ApplyAddLWeekGoalPlayer	203	0
LuaTONG_ApplyAddLWeekGoalPricePlayer	TONG_ApplyAddLWeekGoalPricePlayer	203	0
LuaTONG_ApplyAddLWeekGoalPriceTong	TONG_ApplyAddLWeekGoalPriceTong	203	0
LuaTONG_ApplyAddLWeekGoalTotal	TONG_ApplyAddLWeekGoalTotal	203	0
LuaTONG_ApplyAddLWeekGoalValue	TONG_ApplyAddLWeekGoalValue	203	0
LuaTONG_ApplyAddMaintainFund	TONG_ApplyAddMaintainFund	203	0
LuaTONG_ApplyAddOccupyCityDay	TONG_ApplyAddOccupyCityDay	203	0
LuaTONG_ApplyAddPauseState	TONG_ApplyAddPauseState	203	0
LuaTONG_ApplyAddPremium	TONG_ApplyAddPremium	203	0
LuaTONG_ApplyAddSelfCamp	TONG_ApplyAddSelfCamp	203	0
LuaTONG_ApplyAddUBuildFund	TONG_ApplyAddUBuildFund	203	0
LuaTONG_ApplyAddUBuildLevel	TONG_ApplyAddUBuildLevel	203	0
LuaTONG_ApplyAddUCredit	TONG_ApplyAddUCredit	203	0
LuaTONG_ApplyAddUCurCamp	TONG_ApplyAddUCurCamp	203	0
LuaTONG_ApplyAddUCurWeekGoalLevel	TONG_ApplyAddUCurWeekGoalLevel	203	0
LuaTONG_ApplyAddUDay	TONG_ApplyAddUDay	203	0
LuaTONG_ApplyAddUExp	TONG_ApplyAddUExp	203	0
LuaTONG_ApplyAddULWeekGoalEvent	TONG_ApplyAddULWeekGoalEvent	203	0
LuaTONG_ApplyAddULWeekGoalLevel	TONG_ApplyAddULWeekGoalLevel	203	0
LuaTONG_ApplyAddULWeekGoalPlayer	TONG_ApplyAddULWeekGoalPlayer	203	0
LuaTONG_ApplyAddULWeekGoalPricePlayer	TONG_ApplyAddULWeekGoalPricePlayer	203	0
LuaTONG_ApplyAddULWeekGoalPriceTong	TONG_ApplyAddULWeekGoalPriceTong	203	0
LuaTONG_ApplyAddULWeekGoalTotal	TONG_ApplyAddULWeekGoalTotal	203	0
LuaTONG_ApplyAddULWeekGoalValue	TONG_ApplyAddULWeekGoalValue	203	0
LuaTONG_ApplyAddUMaintainFund	TONG_ApplyAddUMaintainFund	203	0
LuaTONG_ApplyAddUOccupyCityDay	TONG_ApplyAddUOccupyCityDay	203	0
LuaTONG_ApplyAddUPauseState	TONG_ApplyAddUPauseState	203	0
LuaTONG_ApplyAddUPerStandFund	TONG_ApplyAddUPerStandFund	203	0
LuaTONG_ApplyAddUPremium	TONG_ApplyAddUPremium	203	0
LuaTONG_ApplyAddUSelfCamp	TONG_ApplyAddUSelfCamp	203	0
LuaTONG_ApplyAddUStoredBuildFund	TONG_ApplyAddUStoredBuildFund	203	0
LuaTONG_ApplyAddUStoredOffer	TONG_ApplyAddUStoredOffer	203	0
LuaTONG_ApplyAddUTotalBuildFund	TONG_ApplyAddUTotalBuildFund	203	0
LuaTONG_ApplyAddUWarBuildFund	TONG_ApplyAddUWarBuildFund	203	0
LuaTONG_ApplyAddUWeek	TONG_ApplyAddUWeek	203	0
LuaTONG_ApplyAddUWeekBuildFund	TONG_ApplyAddUWeekBuildFund	203	0
LuaTONG_ApplyAddUWeekBuildUpper	TONG_ApplyAddUWeekBuildUpper	203	0
LuaTONG_ApplyAddUWeekGoalEvent	TONG_ApplyAddUWeekGoalEvent	203	0
LuaTONG_ApplyAddUWeekGoalLevel	TONG_ApplyAddUWeekGoalLevel	203	0
LuaTONG_ApplyAddUWeekGoalPlayer	TONG_ApplyAddUWeekGoalPlayer	203	0
LuaTONG_ApplyAddUWeekGoalPricePlayer	TONG_ApplyAddUWeekGoalPricePlayer	203	0
LuaTONG_ApplyAddUWeekGoalPriceTong	TONG_ApplyAddUWeekGoalPriceTong	203	0
LuaTONG_ApplyAddUWeekGoalTotal	TONG_ApplyAddUWeekGoalTotal	203	0
LuaTONG_ApplyAddUWeekGoalValue	TONG_ApplyAddUWeekGoalValue	203	0
LuaTONG_ApplyAddWeekBuildUpper	TONG_ApplyAddWeekBuildUpper	203	0
LuaTONG_ApplyAddWeekGoalEvent	TONG_ApplyAddWeekGoalEvent	203	0
LuaTONG_ApplyAddWeekGoalLevel	TONG_ApplyAddWeekGoalLevel	203	0
LuaTONG_ApplyAddWeekGoalPlayer	TONG_ApplyAddWeekGoalPlayer	203	0
LuaTONG_ApplyAddWeekGoalPricePlayer	TONG_ApplyAddWeekGoalPricePlayer	203	0
LuaTONG_ApplyAddWeekGoalPriceTong	TONG_ApplyAddWeekGoalPriceTong	203	0
LuaTONG_ApplyAddWeekGoalTotal	TONG_ApplyAddWeekGoalTotal	203	0
LuaTONG_ApplySetBuildFund	TONG_ApplySetBuildFund	203	0
LuaTONG_ApplySetBuildLevel	TONG_ApplySetBuildLevel	203	0
LuaTONG_ApplySetCredit	TONG_ApplySetCredit	203	0
LuaTONG_ApplySetCurCamp	TONG_ApplySetCurCamp	203	0
LuaTONG_ApplySetDay	TONG_ApplySetDay	203	0
LuaTONG_ApplySetExp	TONG_ApplySetExp	203	0
LuaTONG_ApplySetPremium	TONG_ApplySetPremium	203	0
LuaTONG_ApplySetSelfCamp	TONG_ApplySetSelfCamp	203	0
LuaTONG_ApplySetStoredBuildFund	TONG_ApplySetStoredBuildFund	203	0
LuaTONG_ApplySetStoredOffer	TONG_ApplySetStoredOffer	203	0
LuaTONG_ApplySetTotalBuildFund	TONG_ApplySetTotalBuildFund	203	0
LuaTONG_ApplySetWarBuildFund	TONG_ApplySetWarBuildFund	203	0
LuaTONG_ApplySetWeek	TONG_ApplySetWeek	203	0
LuaTONG_ApplySetWeekBuildUpper	TONG_ApplySetWeekBuildUpper	203	0
LuaGetSkillCountInFact	GetSkillCountInFact	202	0
LuaTONG_ApplyCreateMap	TONG_ApplyCreateMap	202	0
Lua_TM_HasTimer	_TM_HasTimer	202	0
Lua_TM_IsTimerSuspending	_TM_IsTimerSuspending	202	0
Lua_TM_ResumeTimer	_TM_ResumeTimer	202	0
Lua_TM_SuspendTimer	_TM_SuspendTimer	202	0
LuaGetDock	GetDock	201	0
LuaSetGlobalTradeFlag	SetGlobalTradeFlag	201	0
LuaGetWayPointFightState	GetWayPointFightState	200	0
LuaGetSkillIdInSkillList	GetSkillIdInSkillList	199	0
LuaMsgToGameMaster	MsgToGameMaster	199	0
LuaTWS_ApplyClose	TWS_ApplyClose	199	0
LuaTWS_ApplyOpen	TWS_ApplyOpen	199	0
LuaTWS_ApplyRemove	TWS_ApplyRemove	199	0
LuaSetPlayerRevivalPos	SetPlayerRevivalPos	198	0
LuaTONG_GetUTaskValue	TONG_GetUTaskValue	198	0
LuaIsSeriesAccrue	IsSeriesAccrue	197	0
LuaSetTempTaskValue	SetTempTaskValue	197	0
LuaTONGM_GetUTaskValue	TONGM_GetUTaskValue	197	0
LuaGetItemParamLevel	GetItemParamLevel	196	0
Lua_BattleSetViewPoint	_BattleSetViewPoint	196	0
Lua_ChatRoom_LeaveRoom	_ChatRoom_LeaveRoom	196	0
LuaSetDelDupedItemAllInOne	SetDelDupedItemAllInOne	195	0
Lua_ChatRoom_CloseRoom	_ChatRoom_CloseRoom	194	0
Lua_GetTitleList	_GetTitleList	194	0
LuaGetFirstPlayerAtSubWorld	GetFirstPlayerAtSubWorld	193	0
LuaSetStatData	SetStatData	193	0
LuaAddExtPointForGS	AddExtPointForGS	192	0
LuaPlayerPayCoin	PlayerPayCoin	192	0
LuaRollBackSkills	RollBackSkills	192	0
Lua_GetNpcScriptParam	_GetNpcScriptParam	192	0
Lua_NPCINFO_SetNpcCurrentLife	_NPCINFO_SetNpcCurrentLife	192	0
Lua_NPCINFO_SetNpcCurrentMana	_NPCINFO_SetNpcCurrentMana	192	0
LuaTONG_ApplyDeleteMember	TONG_ApplyDeleteMember	191	0
Lua_BattleChangeMiniMapTitle	_BattleChangeMiniMapTitle	190	0
Lua_TM_GetRestTime	_TM_GetRestTime	190	0
LuaGetDockName	GetDockName	189	0
LuaUpdateBulletin	UpdateBulletin	189	0
LuaAddPropPoint	AddPropPoint	188	0
LuaTONG_AddTaskTemp	TONG_AddTaskTemp	188	0
LuaOpenTong	OpenTong	186	0
LuaGetGoldCoinCount	GetGoldCoinCount	184	0
LuaSetMissionValue	SetMissionValue	183	0
LuaClearProgressBarEvent	ClearProgressBarEvent	182	0
LuaGMSetBoxPassword	GMSetBoxPassword	182	0
LuaQueryItemInfo	QueryItemInfo	182	0
LuaSetCumulateOffer	SetCumulateOffer	182	0
LuaSetProgressBarEvent	SetProgressBarEvent	182	0
LuaSetTotalOffer	SetTotalOffer	182	0
LuaSetWeek	SetWeek	182	0
LuaSetWeekGoalOffer	SetWeekGoalOffer	182	0
LuaAddPlayerKilledNum	AddPlayerKilledNum	181	0
LuaSet120SkillID	Set120SkillID	181	0
Lua_TM_GetRestCount	_TM_GetRestCount	181	0
LuaGetPlayerLucky	GetPlayerLucky	180	0
LuaGetPlayerVitality	GetPlayerVitality	180	0
Lua_ActiveTitle	_ActiveTitle	179	0
LuaGetSaleTicket	GetSaleTicket	178	0
LuaAddTotalOffer	AddTotalOffer	174	0
LuaAddWeek	AddWeek	174	0
Lua_BattleSetGameData	_BattleSetGameData	174	0
Lua_GetGiveItemUnitWithPos	_GetGiveItemUnitWithPos	174	0
LuaPlayerPayMoney	PlayerPayMoney	172	0
LuaPlayerPrePayMoney	PlayerPrePayMoney	172	0
LuaGetTaskStringValue	GetTaskStringValue	170	0
LuaOpenTongZhaoMu	OpenTongZhaoMu	170	0
LuaTONG_GetUStandFund	TONG_GetUStandFund	170	0
Lua_BattleGetData	_BattleGetData	170	0
LuaGetNextPlayerAtSubWorld	GetNextPlayerAtSubWorld	169	0
LuaGetNpcActionScript	GetNpcActionScript	169	0
LuaGetDockCount	GetDockCount	167	0
LuaGetTaxCollected	GetTaxCollected	167	0
LuaTONG_ApplySetMoney	TONG_ApplySetMoney	167	0
LuaSetDisabledFuncFlag	SetDisabledFuncFlag	166	0
LuaGetPlayerDexterity	GetPlayerDexterity	164	0
LuaGetPlayerEngergy	GetPlayerEngergy	164	0
LuaGetPlayerStrength	GetPlayerStrength	164	0
LuaTWS_GetUTaskValue	TWS_GetUTaskValue	164	0
Lua_BattleGetGameData	_BattleGetGameData	164	0
Lua_SetHide	_SetHide	164	0
LuaGetMissionString	GetMissionString	163	0
LuaGetNpcTimer	GetNpcTimer	163	0
Lua_BattleSetType2Task	_BattleSetType2Task	163	0
LuaGetTotalMagicLevel	GetTotalMagicLevel	162	0
LuaSetDupedItemDealLevel	SetDupedItemDealLevel	162	0
LuaTONG_GetMaster	TONG_GetMaster	162	0
LuaPET_Create	PET_Create	161	0
Lua_ClearLadder	_ClearLadder	160	0
LuaGetPkReduceState	GetPkReduceState	159	0
LuaGetTempTaskValue	GetTempTaskValue	159	0
LuaSetPlayerLogState	SetPlayerLogState	158	0
LuaIsNpcFeatureChanged	IsNpcFeatureChanged	155	0
LuaTONG_GetCredit	TONG_GetCredit	155	0
LuaTONG_GetExp	TONG_GetExp	155	0
LuaTONG_GetLWeekGoalLevel	TONG_GetLWeekGoalLevel	155	0
LuaTONG_GetLWeekGoalTotal	TONG_GetLWeekGoalTotal	155	0
LuaTONG_GetLWeekGoalValue	TONG_GetLWeekGoalValue	155	0
LuaTONG_GetPremium	TONG_GetPremium	155	0
LuaTONG_GetSelfCamp	TONG_GetSelfCamp	155	0
LuaTONG_GetTotalBuildFund	TONG_GetTotalBuildFund	155	0
LuaTONG_GetUBuildFund	TONG_GetUBuildFund	155	0
LuaTONG_GetUBuildLevel	TONG_GetUBuildLevel	155	0
LuaTONG_GetUCredit	TONG_GetUCredit	155	0
LuaTONG_GetUCurCamp	TONG_GetUCurCamp	155	0
LuaTONG_GetUCurWeekGoalLevel	TONG_GetUCurWeekGoalLevel	155	0
LuaTONG_GetUDay	TONG_GetUDay	155	0
LuaTONG_GetUExp	TONG_GetUExp	155	0
LuaTONG_GetULWeekGoalEvent	TONG_GetULWeekGoalEvent	155	0
LuaTONG_GetULWeekGoalLevel	TONG_GetULWeekGoalLevel	155	0
LuaTONG_GetULWeekGoalPlayer	TONG_GetULWeekGoalPlayer	155	0
LuaTONG_GetULWeekGoalPricePlayer	TONG_GetULWeekGoalPricePlayer	155	0
LuaTONG_GetULWeekGoalPriceTong	TONG_GetULWeekGoalPriceTong	155	0
LuaTONG_GetULWeekGoalTotal	TONG_GetULWeekGoalTotal	155	0
LuaTONG_GetULWeekGoalValue	TONG_GetULWeekGoalValue	155	0
LuaTONG_GetUMaintainFund	TONG_GetUMaintainFund	155	0
LuaTONG_GetUOccupyCityDay	TONG_GetUOccupyCityDay	155	0
LuaTONG_GetUPauseState	TONG_GetUPauseState	155	0
LuaTONG_GetUPerStandFund	TONG_GetUPerStandFund	155	0
LuaTONG_GetUPremium	TONG_GetUPremium	155	0
LuaTONG_GetUSelfCamp	TONG_GetUSelfCamp	155	0
LuaTONG_GetUStoredBuildFund	TONG_GetUStoredBuildFund	155	0
LuaTONG_GetUStoredOffer	TONG_GetUStoredOffer	155	0
LuaTONG_GetUTongMap	TONG_GetUTongMap	155	0
LuaTONG_GetUTongMapBan	TONG_GetUTongMapBan	155	0
LuaTONG_GetUTongMapTemplate	TONG_GetUTongMapTemplate	155	0
LuaTONG_GetUTotalBuildFund	TONG_GetUTotalBuildFund	155	0
LuaTONG_GetUUnionID	TONG_GetUUnionID	155	0
LuaTONG_GetUWarBuildFund	TONG_GetUWarBuildFund	155	0
LuaTONG_GetUWarState	TONG_GetUWarState	155	0
LuaTONG_GetUWeek	TONG_GetUWeek	155	0
LuaTONG_GetUWeekBuildFund	TONG_GetUWeekBuildFund	155	0
LuaTONG_GetUWeekBuildUpper	TONG_GetUWeekBuildUpper	155	0
LuaTONG_GetUWeekGoalEvent	TONG_GetUWeekGoalEvent	155	0
LuaTONG_GetUWeekGoalLevel	TONG_GetUWeekGoalLevel	155	0
LuaTONG_GetUWeekGoalPlayer	TONG_GetUWeekGoalPlayer	155	0
LuaTONG_GetUWeekGoalPricePlayer	TONG_GetUWeekGoalPricePlayer	155	0
LuaTONG_GetUWeekGoalPriceTong	TONG_GetUWeekGoalPriceTong	155	0
LuaTONG_GetUWeekGoalTotal	TONG_GetUWeekGoalTotal	155	0
LuaTONG_GetUWeekGoalValue	TONG_GetUWeekGoalValue	155	0
LuaTONG_GetWeekBuildUpper	TONG_GetWeekBuildUpper	155	0
Lua_NPCINFO_SetNpcCurrentMaxLife	_NPCINFO_SetNpcCurrentMaxLife	155	0
Lua_NPCINFO_SetNpcCurrentMaxMana	_NPCINFO_SetNpcCurrentMaxMana	155	0
Lua_GetTitleName	_GetTitleName	154	0
LuaGetPlayerMateName	GetPlayerMateName	153	0
LuaAutoStackItem	AutoStackItem	152	0
LuaNpcIndexToPlayerIndex	NpcIndexToPlayerIndex	152	0
Lua_NPCINFO_GetNpcTemplateId	_NPCINFO_GetNpcTemplateId	152	0
LuaGetLastDlgNpcIndex	GetLastDlgNpcIndex	151	0
LuaTONGM_GetJoinTime	TONGM_GetJoinTime	150	0
LuaTONGM_GetLWeeklyOffer	TONGM_GetLWeeklyOffer	150	0
LuaTONGM_GetMoney	TONGM_GetMoney	150	0
LuaTONGM_GetSex	TONGM_GetSex	150	0
LuaTONGM_GetUFigure	TONGM_GetUFigure	150	0
LuaTONGM_GetUJoinDay	TONGM_GetUJoinDay	150	0
LuaTONGM_GetUJoinTime	TONGM_GetUJoinTime	150	0
LuaTONGM_GetULWeekGoalOffer	TONGM_GetULWeekGoalOffer	150	0
LuaTONGM_GetULWeeklyOffer	TONGM_GetULWeeklyOffer	150	0
LuaTONGM_GetULastOnlineDate	TONGM_GetULastOnlineDate	150	0
LuaTONGM_GetUMoney	TONGM_GetUMoney	150	0
LuaTONGM_GetURetireDate	TONGM_GetURetireDate	150	0
LuaTONGM_GetUSex	TONGM_GetUSex	150	0
LuaPlayerIndex2NpcIndex	PlayerIndex2NpcIndex	149	0
LuaSetSignCodeSyncTime	SetSignCodeSyncTime	149	0
Lua_NPCINFO_GetNpcLevel	_NPCINFO_GetNpcLevel	149	0
Lua_NPCINFO_GetNpcSeries	_NPCINFO_GetNpcSeries	149	0
LuaAddBotSignCode	AddBotSignCode	148	0
LuaCheckPlayerFlag	CheckPlayerFlag	148	0
LuaAbradeEquipments	AbradeEquipments	147	0
LuaGetTaskNo	GetTaskNo	147	0
LuaSearchPlayerByNameID	SearchPlayerByNameID	147	0
LuaSetDelayCatchTime	SetDelayCatchTime	147	0
Lua_GetAccountLeftTime	_GetAccountLeftTime	147	0
LuaForbitUseAuraSkill	ForbitUseAuraSkill	146	0
LuaOpenWatchGameInputDlg	OpenWatchGameInputDlg	146	0
LuaPET_SetFeatureId	PET_SetFeatureId	146	0
LuaSetCreateTeamOption	SetCreateTeamOption	146	0
LuaSetSwitch	SetSwitch	146	0
Lua_ChatRoom_AddTime	_ChatRoom_AddTime	146	0
LuaPET_AddExp	PET_AddExp	145	0
LuaPET_SetExp	PET_SetExp	145	0
LuaPET_SetLevel	PET_SetLevel	145	0
LuaGetItemValue	GetItemValue	144	0
LuaSetGlobalMissionValue	SetGlobalMissionValue	144	0
Lua_GetGiveItemUnit	_GetGiveItemUnit	143	0
LuaChangePlayerFaction	ChangePlayerFaction	142	0
LuaSetRenascenceCount	SetRenascenceCount	142	0
Lua_TM_StopTimer	_TM_StopTimer	142	0
LuaTWS_GetCurLevel	TWS_GetCurLevel	141	0
LuaTWS_GetCurState	TWS_GetCurState	141	0
LuaTWS_GetTypeID	TWS_GetTypeID	141	0
LuaTWS_GetUCurLevel	TWS_GetUCurLevel	141	0
LuaTWS_GetUCurState	TWS_GetUCurState	141	0
LuaTWS_GetUDayOutput	TWS_GetUDayOutput	141	0
LuaTWS_GetUTypeID	TWS_GetUTypeID	141	0
LuaTWS_GetUUseLevel	TWS_GetUUseLevel	141	0
LuaTWS_GetUUseLevelSet	TWS_GetUUseLevelSet	141	0
LuaGMMsgToPlayer	GMMsgToPlayer	140	0
LuaGetTaskAwardMatrix	GetTaskAwardMatrix	140	0
LuaGetTaskConditionMatrix	GetTaskConditionMatrix	140	0
LuaGetTaskEntityMatrix	GetTaskEntityMatrix	140	0
LuaGetTaskEventMatrix	GetTaskEventMatrix	140	0
LuaGetTaskIdMatrix	GetTaskIdMatrix	140	0
LuaGetTaskTalkMatrix	GetTaskTalkMatrix	140	0
LuaLotteryDrawCurrentIssue	LotteryDrawCurrentIssue	140	0
LuaLotteryStartNewIssue	LotteryStartNewIssue	140	0
LuaLotteryUpdateIssue	LotteryUpdateIssue	140	0
LuaGetMissionValue	GetMissionValue	139	0
LuaSetGlobalValue	SetGlobalValue	139	0
Lua_NPCINFO_SetMaxLife	_NPCINFO_SetMaxLife	139	0
Lua_NPCINFO_SetMaxMana	_NPCINFO_SetMaxMana	139	0
LuaActorQuit	ActorQuit	138	0
LuaGetRootPath	GetRootPath	138	0
LuaSubWorldIndexToID	SubWorldIndexToID	138	0
LuaSubWorldIndexToMapCopy	SubWorldIndexToMapCopy	138	0
LuaClear120SkillExpLimit	Clear120SkillExpLimit	136	0
LuaGetItemFortuneValue	GetItemFortuneValue	136	0
Lua_BattleSetRestTime	_BattleSetRestTime	136	0
LuaApplyDelDungeonMap	ApplyDelDungeonMap	135	0
LuaGetTaskName	GetTaskName	134	0
LuaSetPlayerDeathScript	SetPlayerDeathScript	134	0
LuaShowNpcLife	ShowNpcLife	134	0
LuaSetPlayerSex	SetPlayerSex	132	0
LuaDetachActor	DetachActor	131	0
LuaGetAllSkillCurInc	GetAllSkillCurInc	131	0
LuaIsDisabledChatCity	IsDisabledChatCity	131	0
LuaIsDisabledChatWorld	IsDisabledChatWorld	131	0
LuaIsDisabledTeam	IsDisabledTeam	131	0
LuaIsLeader	IsLeader	131	0
LuaTabFile_SaveFile	TabFile_SaveFile	131	0
Lua_NPCINFO_GetNpcCurrentMaxLife	_NPCINFO_GetNpcCurrentMaxLife	131	0
Lua_NPCINFO_GetNpcCurrentMaxMana	_NPCINFO_GetNpcCurrentMaxMana	131	0
LuaSetObjPropState	SetObjPropState	130	0
LuaSetPlayerCamp	SetPlayerCamp	130	0
LuaSetPlayerCurrentCamp	SetPlayerCurrentCamp	130	0
Lua_BattleReportResult	_BattleReportResult	130	0
Lua_ST_SetDamageCount	_ST_SetDamageCount	130	0
Lua_SetPotionCount	_SetPotionCount	130	0
LuaOpenChangeTongCampUI	OpenChangeTongCampUI	129	0
LuaSetPlayerPKValue	SetPlayerPKValue	129	0
LuaRandSeed	RandSeed	128	0
LuaSetPlayerChatForbiddenFlag	SetPlayerChatForbiddenFlag	128	0
LuaSetPlayerRevivalOptionWhenLogout	SetPlayerRevivalOptionWhenLogout	128	0
LuaGetDockPrice	GetDockPrice	127	0
LuaGetPriceToStation	GetPriceToStation	127	0
LuaGetPriceToWayPoint	GetPriceToWayPoint	127	0
LuaSetLastAddFactionNumber	SetLastAddFactionNumber	126	0
LuaLeftTrimString	LeftTrimString	124	0
LuaGetNpcTemplateID	GetNpcTemplateID	123	0
LuaMagicAttribID2String	MagicAttribID2String	123	0
LuaTONG_Name2ID	TONG_Name2ID	123	0
Lua_ST_IncreaseDamageCount	_ST_IncreaseDamageCount	123	0
LuaGetLastDamageNpcIdx	GetLastDamageNpcIdx	122	0
LuaLotteryWriteLog	LotteryWriteLog	122	0
Lua_BattleClearPlayerData	_BattleClearPlayerData	122	0
LuaPET_SetName	PET_SetName	121	0
LuaSubWorldIDToIndex	SubWorldIDToIndex	120	0
LuaTONG_ApplyDeleteMap	TONG_ApplyDeleteMap	120	0
Lua_ChatRoom_FindRoom	_ChatRoom_FindRoom	120	0
LuaAddPlayerDexterity	AddPlayerDexterity	119	0
LuaAddPlayerEngergy	AddPlayerEngergy	119	0
LuaAddPlayerStrength	AddPlayerStrength	119	0
LuaAddPlayerVitality	AddPlayerVitality	119	0
LuaGetSwitch	GetSwitch	119	0
LuaGetPlayerFeeType	GetPlayerFeeType	118	0
LuaGMLockBox	GMLockBox	117	0
LuaGMUnlockBox	GMUnlockBox	117	0
LuaGetItemDiceState	GetItemDiceState	117	0
LuaGetPlayerKilledNum	GetPlayerKilledNum	117	0
LuaTONG_ApplyInit	TONG_ApplyInit	117	0
LuaTONG_ApplyMaintain	TONG_ApplyMaintain	117	0
LuaGetGlobalValue	GetGlobalValue	116	0
LuaMsgToPlayer	MsgToPlayer	116	0
LuaSetPlayerLucky	SetPlayerLucky	116	0
LuaForbidChangePKFlag	ForbidChangePKFlag	115	0
LuaGetDisabledFuncFlag	GetDisabledFuncFlag	115	0
LuaGetOffliveState	GetOffliveState	115	0
LuaGetPlayerCashCoin	GetPlayerCashCoin	115	0
LuaGetRoleDataTransMark	GetRoleDataTransMark	115	0
LuaGetTotalOffer	GetTotalOffer	115	0
LuaGetWeek	GetWeek	115	0
LuaSetPlayerSeries	SetPlayerSeries	115	0
LuaSetRelaxTime	SetRelaxTime	115	0
LuaGetPlayerFaction	GetPlayerFaction	114	0
LuaGetPlayerLastAddFaction	GetPlayerLastAddFaction	114	0
LuaGetLastAddFactionNumber	GetLastAddFactionNumber	113	0
LuaAddBoxMoney	AddBoxMoney	112	0
Lua_NPCINFO_GetNpcCurrentLife	_NPCINFO_GetNpcCurrentLife	112	0
Lua_NPCINFO_GetNpcCurrentMana	_NPCINFO_GetNpcCurrentMana	112	0
Lua_ST_UseCurCampTeam	_ST_UseCurCampTeam	112	0
LuaPlayerEarnMoney	PlayerEarnMoney	110	0
Lua_BattleSetBattleLevelDesc	_BattleSetBattleLevelDesc	110	0
Lua_BattleSetBattleName	_BattleSetBattleName	110	0
Lua_BattleSetMissionDesc	_BattleSetMissionDesc	110	0
Lua_BattleSetMissionName	_BattleSetMissionName	110	0
LuaDelStationList	DelStationList	109	0
LuaGetTongTitle	GetTongTitle	109	0
LuaRestoreNpcFeature	RestoreNpcFeature	109	0
LuaWriteSaleLog	WriteSaleLog	108	0
Lua_RemoveTitle	_RemoveTitle	108	0
Lua_TM_GetTimerCount	_TM_GetTimerCount	107	0
LuaGMTongSetExp	GMTongSetExp	106	0
LuaGMTongSetLevel	GMTongSetLevel	106	0
LuaGetGlobalMissionValue	GetGlobalMissionValue	106	0
LuaPET_GetExp	PET_GetExp	106	0
LuaPET_GetFeatureId	PET_GetFeatureId	106	0
LuaPET_GetLevel	PET_GetLevel	106	0
LuaCheckLockState	CheckLockState	105	0
LuaGetBotRefuseLoginCount	GetBotRefuseLoginCount	105	0
LuaGetBotRefuseLoginFlag	GetBotRefuseLoginFlag	105	0
LuaGetDeathPunish	GetDeathPunish	105	0
Lua_IncreasePotionCount	_IncreasePotionCount	105	0
LuaGetPlayerCurrentCamp	GetPlayerCurrentCamp	104	0
LuaGetPlayerDefend	GetPlayerDefend	104	0
LuaGetPlayerLifeReplenish	GetPlayerLifeReplenish	104	0
LuaGetPlayerManaReplenish	GetPlayerManaReplenish	104	0
LuaSTAT_CleanGoodsSaleNumber	STAT_CleanGoodsSaleNumber	104	0
LuaTONGM_GetUOnline	TONGM_GetUOnline	104	0
LuaGetPlayerSeries	GetPlayerSeries	101	0
LuaSetPlayerGameTime	SetPlayerGameTime	101	0
LuaGetAllEquipValue	GetAllEquipValue	100	0
LuaTWS_IsExist	TWS_IsExist	100	0
LuaGetAccountName	GetAccountName	99	0
LuaGetCurTimerId	GetCurTimerId	99	0
LuaGetPlayerCashMoney	GetPlayerCashMoney	99	0
LuaGetPlayerID	GetPlayerID	99	0
LuaGetPlayerLeadExp	GetPlayerLeadExp	99	0
LuaGetPlayerLeadLevel	GetPlayerLeadLevel	99	0
LuaGetPlayerLevel	GetPlayerLevel	99	0
LuaSetNpcExpRate	SetNpcExpRate	99	0
LuaEnchaserItem	EnchaserItem	98	0
LuaForbitMoveOrTradeItem	ForbitMoveOrTradeItem	98	0
LuaGetUsedSkillPoint	GetUsedSkillPoint	97	0
LuaMsgToSubWorld	MsgToSubWorld	97	0
LuaNpcName2ReplaceName	NpcName2ReplaceName	96	0
LuaObjName2ReplaceName	ObjName2ReplaceName	96	0
Lua_BattleLeave	_BattleLeave	96	0
LuaSTAT_GetGoodsSaleNumber	STAT_GetGoodsSaleNumber	95	0
LuaSetDebugOut	SetDebugOut	95	0
Lua_BattleBroadAllLadder	_BattleBroadAllLadder	94	0
Lua_BattleBroadBattleDesc	_BattleBroadBattleDesc	94	0
Lua_BattleBroadCastView	_BattleBroadCastView	94	0
Lua_BattleBroadGameData	_BattleBroadGameData	94	0
Lua_BattleBroadSelfData	_BattleBroadSelfData	94	0
Lua_BattleViewBattleStartUI	_BattleViewBattleStartUI	94	0
LuaGetTeamId	GetTeamId	93	0
LuaTransLife	TransLife	92	0
LuaGetPlayerPKValue	GetPlayerPKValue	91	0
LuaGetRelaxTime	GetRelaxTime	91	0
LuaGetTireTime	GetTireTime	91	0
Lua_BattleViewMainBorad	_BattleViewMainBorad	91	0
Lua_GetBattleName	_GetBattleName	91	0
LuaGetTotalTimeInGame	GetTotalTimeInGame	90	0
LuaRemoveAllPlayerEvent	RemoveAllPlayerEvent	89	0
LuaGetPlayerRevivalOptionWhenLogout	GetPlayerRevivalOptionWhenLogout	88	0
LuaGetPlayerStationCount	GetPlayerStationCount	88	0
LuaTestScript	TestScript	88	0
LuaDbgPoint	DbgPoint	87	0
LuaFilterText	FilterText	86	0
LuaGMTongSetMaster	GMTongSetMaster	86	0
LuaGetPlayerRevival	GetPlayerRevival	86	0
LuaStartBotDeleteAccount	StartBotDeleteAccount	86	0
LuaStartBotPunish	StartBotPunish	86	0
LuaGetCurrentTong	GetCurrentTong	84	0
LuaNumber2UInt	Number2UInt	84	0
LuaRestorePlayerLife	RestorePlayerLife	84	0
LuaRestorePlayerMana	RestorePlayerMana	84	0
LuaGetPlayerExp	GetPlayerExp	83	0
LuaGetPlayerName	GetPlayerName	83	0
LuaGetPlayerRestAttributePoint	GetPlayerRestAttributePoint	83	0
LuaGetPlayerRestSkillPoint	GetPlayerRestSkillPoint	83	0
LuaGetRenascenceCount	GetRenascenceCount	83	0
LuaGetProductLanguage	GetProductLanguage	82	0
LuaSetMissleMaxStep	SetMissleMaxStep	81	0
LuaNoChoice	NoChoice	79	0
LuaTripC_Kick	TripC_Kick	79	0
LuaGet120SkillEnhanceExpRate	Get120SkillEnhanceExpRate	78	0
LuaForceLaveTong	ForceLaveTong	76	0
LuaOpenSubmitItem	OpenSubmitItem	76	0
LuaSetCouldDisbandTong	SetCouldDisbandTong	76	0
LuaSetCouldKickTong	SetCouldKickTong	76	0
LuaSetCouldQuitTong	SetCouldQuitTong	76	0
LuaGetHandItemIdx	GetHandItemIdx	75	0
LuaNW_CloseCongratulation	NW_CloseCongratulation	75	0
Lua_GetPotionCount	_GetPotionCount	75	0
Lua_ST_GetDamageCount	_ST_GetDamageCount	75	0
LuaPET_GetName	PET_GetName	74	0
LuaGetStallTotal	GetStallTotal	72	0
LuaGetStallTotalTax	GetStallTotalTax	72	0
LuaSetIsCheckNpcBarrier	SetIsCheckNpcBarrier	72	0
LuaGetRestPropPoint	GetRestPropPoint	67	0
LuaGetTongCamp	GetTongCamp	67	0
LuaIsForbidChangePKFlag	IsForbidChangePKFlag	67	0
LuaIsStallState	IsStallState	67	0
Lua_GetActiveTitle	_GetActiveTitle	67	0
LuaPET_Summon	PET_Summon	66	0
LuaPET_UnSummon	PET_UnSummon	66	0
LuaRestorePlayerStamina	RestorePlayerStamina	65	0
Lua_ST_StartDamageCounter	_ST_StartDamageCounter	65	0
Lua_ST_StopDamageCounter	_ST_StopDamageCounter	65	0
Lua_StartPotionCounter	_StartPotionCounter	65	0
Lua_StopPotionCounter	_StopPotionCounter	65	0
LuaRestorePlayerCamp	RestorePlayerCamp	61	0
LuaTripS_Return	TripS_Return	61	0
LuaGetCurNpcIndex	GetCurNpcIndex	60	0
LuaRightTrimString	RightTrimString	60	0
LuaGetSignCodeSyncTime	GetSignCodeSyncTime	58	0
LuaBotStopValidateClient	BotStopValidateClient	55	0
LuaReLoadSkillSettings	ReLoadSkillSettings	55	0
LuaReturnFromTownPortal	ReturnFromTownPortal	55	0
LuaGMTongDismiss	GMTongDismiss	54	0
LuaGetAllStationCount	GetAllStationCount	53	0
LuaClearBotSignCode	ClearBotSignCode	52	0
LuaCancelStall	CancelStall	50	0
LuaClearFactionRecord	ClearFactionRecord	50	0
LuaSyncWorkshopList	SyncWorkshopList	50	0
LuaGetEnhanceExpRate	GetEnhanceExpRate	48	0
LuaSaveQuickly	SaveQuickly	47	0
LuaTONG_GetTongCount	TONG_GetTongCount	46	0
LuaGetDupedItemDealLevel	GetDupedItemDealLevel	43	0
LuaGetSaleTicketCount	GetSaleTicketCount	43	0
LuaGetServiceMatchID	GetServiceMatchID	43	0
LuaCancelTrade	CancelTrade	41	0
LuaSyncIsCheckNpcBarrier	SyncIsCheckNpcBarrier	41	0
LuaRepair_Open	Repair_Open	38	0
LuaMessage	Message	37	0
LuaGetBotDeleteAccountFlag	GetBotDeleteAccountFlag	34	0
LuaGetBotPunishFlag	GetBotPunishFlag	34	0
LuaGetDelDupedItemAllInOne	GetDelDupedItemAllInOne	34	0
LuaGetDelayCatchTime	GetDelayCatchTime	34	0
LuaGetDiceIncome	GetDiceIncome	34	0
LuaGetGameLoop	GetGameLoop	34	0
LuaGetGlobalTradeFlag	GetGlobalTradeFlag	34	0
LuaGetIsCheckNpcBarrier	GetIsCheckNpcBarrier	34	0
LuaGetTradeTotal	GetTradeTotal	34	0
LuaNW_GetNationTitle	NW_GetNationTitle	32	0
LuaAddBreakPoint	AddBreakPoint	27	0
LuaDelBreakPoint	DelBreakPoint	27	0
Lua_ITEM_ExportShopInfo	_ITEM_ExportShopInfo	22	0
LuaUpdateSkillList	UpdateSkillList	21	0
LuaPlayerExecuteScript	PlayerExecuteScript	10	0
Lua_NPCINFO_GetNpcName	_NPCINFO_GetNpcName	9	0
LuaDelNpcsInRgn	DelNpcsInRgn	7	0
LuaDelNpcsInWld	DelNpcsInWld	7	0
LuaFadeInMusic	FadeInMusic	7	0
LuaFadeOutMusic	FadeOutMusic	7	0
LuaGetCity	GetCity	7	0
LuaMakeEnemy	MakeEnemy	7	0
LuaMsgToAroundRegion	MsgToAroundRegion	7	0
