enum	size	enumerator	value
._167	4	ChannelType_Unknown	0
._167	4	ChannelType_Screen	1
._167	4	ChannelType_World	2
._167	4	ChannelType_GM	3
._167	4	ChannelType_City	4
._167	4	ChannelType_Team	5
._167	4	ChannelType_Tong	6
._167	4	ChannelType_TongUnion	7
._167	4	ChannelType_Faction	8
._167	4	ChannelType_War	9
._167	4	ChannelType_ChatRoom	10
._167	4	ChannelType_Count	11
._196	4	NpcPowerType_Player	0
._196	4	NpcPowerType_Normal	1
._196	4	NpcPowerType_Blue	2
._196	4	NpcPowerType_Gold	3
._216	4	op_none	0
._216	4	op_mark	1
._216	4	op_del_bymark	2
._216	4	op_del_all	3
._216	4	op_level_end	3
._217	4	ret_error	-1
._217	4	ret_normal	0
._217	4	ret_found	1
._217	4	ret_mark_first	2
._217	4	ret_mark_exist	3
._217	4	ret_del_bymark	4
._217	4	ret_del_all	5
._218	4	ret_error	-1
._218	4	ret_normal	0
._218	4	ret_found	1
._218	4	ret_mark_first	2
._218	4	ret_mark_exist	3
._218	4	ret_del_bymark	4
._218	4	ret_del_all	5
._220	4	op_none	0
._220	4	op_mark	1
._220	4	op_del_bymark	2
._220	4	op_del_all	3
._220	4	op_level_end	3
._221	4	ret_error	-1
._221	4	ret_normal	0
._221	4	ret_found	1
._221	4	ret_mark_first	2
._221	4	ret_mark_exist	3
._221	4	ret_del_bymark	4
._221	4	ret_del_all	5
._224	4	op_none	0
._224	4	op_mark	1
._224	4	op_del_bymark	2
._224	4	op_del_all	3
._224	4	op_level_end	3
._225	4	ret_error	-1
._225	4	ret_normal	0
._225	4	ret_found	1
._225	4	ret_mark_first	2
._225	4	ret_mark_exist	3
._225	4	ret_del_bymark	4
._225	4	ret_del_all	5
._240	4	op_none	0
._240	4	op_mark	1
._240	4	op_del_bymark	2
._240	4	op_del_all	3
._240	4	op_level_end	3
._241	4	ret_error	-1
._241	4	ret_normal	0
._241	4	ret_found	1
._241	4	ret_mark_first	2
._241	4	ret_mark_exist	3
._241	4	ret_del_bymark	4
._241	4	ret_del_all	5
._244	4	StatType_LateCache	0
._244	4	StatType_TotalForStart	1
._244	4	StatType_End	2
._257	4	op_none	0
._257	4	op_mark	1
._257	4	op_del_bymark	2
._257	4	op_del_all	3
._257	4	op_level_end	3
._258	4	ret_error	-1
._258	4	ret_normal	0
._258	4	ret_found	1
._258	4	ret_mark_first	2
._258	4	ret_mark_exist	3
._258	4	ret_del_bymark	4
._258	4	ret_del_all	5
._259	4	op_none	0
._259	4	op_mark	1
._259	4	op_del_bymark	2
._259	4	op_del_all	3
._259	4	op_level_end	3
._260	4	ret_error	-1
._260	4	ret_normal	0
._260	4	ret_found	1
._260	4	ret_mark_first	2
._260	4	ret_mark_exist	3
._260	4	ret_del_bymark	4
._260	4	ret_del_all	5
._261	4	StatType_LateCache	0
._261	4	StatType_TotalForStart	1
._261	4	StatType_End	2
._262	4	StatType_LateCache	0
._262	4	StatType_TotalForStart	1
._262	4	StatType_End	2
._264	4	StatType_LateCache	0
._264	4	StatType_TotalForStart	1
._264	4	StatType_End	2
._268	4	op_none	0
._268	4	op_mark	1
._268	4	op_del_bymark	2
._268	4	op_del_all	3
._268	4	op_level_end	3
._269	4	ret_error	-1
._269	4	ret_normal	0
._269	4	ret_found	1
._269	4	ret_mark_first	2
._269	4	ret_mark_exist	3
._269	4	ret_del_bymark	4
._269	4	ret_del_all	5
._282	4	EqResPartPos_Auto	0
._282	4	EqResPartPos_Head	1
._282	4	EqResPartPos_Body	2
._282	4	EqResPartPos_Belt	3
._282	4	EqResPartPos_LeftHand	4
._282	4	EqResPartPos_RightHand	5
._282	4	EqResPartPos_Foot	6
._282	4	EqResPartPos_Cuff	7
._282	4	EqResPartPos_Neck	8
._282	4	EqResPartPos_Finger	9
._282	4	EqResPartPos_Pendant	10
BATTLE_DATA_TYPE	4	type_player_typebegin	0
BATTLE_DATA_TYPE	4	type_player_totalpoint	1
BATTLE_DATA_TYPE	4	type_player_killplayer	2
BATTLE_DATA_TYPE	4	type_player_killnpc	3
BATTLE_DATA_TYPE	4	type_player_bekilled	4
BATTLE_DATA_TYPE	4	type_player_snapflag	5
BATTLE_DATA_TYPE	4	type_player_killrank1	6
BATTLE_DATA_TYPE	4	type_player_killrank2	7
BATTLE_DATA_TYPE	4	type_player_killrank3	8
BATTLE_DATA_TYPE	4	type_player_killrank4	9
BATTLE_DATA_TYPE	4	type_player_killrank5	10
BATTLE_DATA_TYPE	4	type_player_killrank6	11
BATTLE_DATA_TYPE	4	type_player_killrank7	12
BATTLE_DATA_TYPE	4	type_player_maxserieskill	13
BATTLE_DATA_TYPE	4	type_player_serieskill	14
BATTLE_DATA_TYPE	4	type_player_finishgoal	15
BATTLE_DATA_TYPE	4	type_player_1vs1	16
BATTLE_DATA_TYPE	4	type_player_getitem	17
BATTLE_DATA_TYPE	4	type_player_winside	18
BATTLE_DATA_TYPE	4	type_player_prisegrade	19
BATTLE_DATA_TYPE	4	type_player_averagegrade	20
BATTLE_DATA_TYPE	4	type_player_wingrade	21
BATTLE_DATA_TYPE	4	type_player_param1	22
BATTLE_DATA_TYPE	4	type_player_param2	23
BATTLE_DATA_TYPE	4	type_player_param3	24
BATTLE_DATA_TYPE	4	type_player_param4	25
BATTLE_DATA_TYPE	4	type_player_param5	26
BATTLE_DATA_TYPE	4	type_player_param6	27
BATTLE_DATA_TYPE	4	type_player_noautoclearbegin	40
BATTLE_DATA_TYPE	4	type_player_battleid	41
BATTLE_DATA_TYPE	4	type_player_ruleid	42
BATTLE_DATA_TYPE	4	type_player_battlecamp	43
BATTLE_DATA_TYPE	4	type_player_battleseries	44
BATTLE_DATA_TYPE	4	type_player_keynumber	45
BATTLE_DATA_TYPE	4	type_player_lastdeathtime	46
BATTLE_DATA_TYPE	4	type_player_battletotalpoint	47
BATTLE_DATA_TYPE	4	type_player_round	48
BATTLE_DATA_TYPE	4	type_player_noautoclearend	49
BATTLE_DATA_TYPE	4	type_player_typeend	50
BATTLE_DATA_TYPE	4	type_game_typebegin	51
BATTLE_DATA_TYPE	4	type_game_keynumber	52
BATTLE_DATA_TYPE	4	type_game_battleid	53
BATTLE_DATA_TYPE	4	type_game_ruleid	54
BATTLE_DATA_TYPE	4	type_game_mapid	55
BATTLE_DATA_TYPE	4	type_game_camp1count	56
BATTLE_DATA_TYPE	4	type_game_camp2count	57
BATTLE_DATA_TYPE	4	type_game_mapiconid	58
BATTLE_DATA_TYPE	4	type_game_resttime	59
BATTLE_DATA_TYPE	4	type_game_level	60
BATTLE_DATA_TYPE	4	type_game_mode	61
BATTLE_DATA_TYPE	4	type_game_camp1area	62
BATTLE_DATA_TYPE	4	type_game_camp2area	63
BATTLE_DATA_TYPE	4	type_game_battleseries	64
BATTLE_DATA_TYPE	4	type_game_round	65
BATTLE_DATA_TYPE	4	type_game_typeend	66
BATTLE_DATA_TYPE	4	type_count	67
BinOpr	4	OPR_ADD	0
BinOpr	4	OPR_SUB	1
BinOpr	4	OPR_MULT	2
BinOpr	4	OPR_DIV	3
BinOpr	4	OPR_POW	4
BinOpr	4	OPR_CONCAT	5
BinOpr	4	OPR_NE	6
BinOpr	4	OPR_EQ	7
BinOpr	4	OPR_LT	8
BinOpr	4	OPR_LE	9
BinOpr	4	OPR_GT	10
BinOpr	4	OPR_GE	11
BinOpr	4	OPR_AND	12
BinOpr	4	OPR_OR	13
BinOpr	4	OPR_NOBINOPR	14
CHATROOM_TYPE	4	CHATROOM_TYPE_DEFAULT	0
CHATROOM_TYPE	4	CHATROOM_TYPE_PLAYERS	1
CLIENTACTION	4	cdo_fightstand	0
CLIENTACTION	4	cdo_stand	1
CLIENTACTION	4	cdo_stand1	2
CLIENTACTION	4	cdo_fightwalk	3
CLIENTACTION	4	cdo_walk	4
CLIENTACTION	4	cdo_fightrun	5
CLIENTACTION	4	cdo_run	6
CLIENTACTION	4	cdo_hurt	7
CLIENTACTION	4	cdo_death	8
CLIENTACTION	4	cdo_attack	9
CLIENTACTION	4	cdo_attack1	10
CLIENTACTION	4	cdo_magic	11
CLIENTACTION	4	cdo_sit	12
CLIENTACTION	4	cdo_jump	13
CLIENTACTION	4	cdo_none	14
CLIENTACTION	4	cdo_count	15
CurrencyType	4	CURRENCYTYPE_NONE	0
CurrencyType	4	CURRENCYTYPE_MONEY	1
CurrencyType	4	CURRENCYTYPE_FUYUAN	2
CurrencyType	4	CURRENCYTYPE_COIN	3
CurrencyType	4	CURRENCYTYPE_SCORE	4
CurrencyType	4	CURRENCYTYPE_GOLDCOIN	5
CurrencyType	4	CURRENCYTYPE_SLIVER	6
CurrencyType	4	CURRENCYTYPE_TICKET	7
CurrencyType	4	CURRENCYTYPE_YUANBAO	8
CurrencyType	4	CURRENCYTYPE_GOLDCOIN_NEW	9
CurrencyType	4	CURRENCYTYPE_CONTRIBUTION	10
CurrencyType	4	CURRENCYTYPE_HONOUR	11
CurrencyType	4	CURRENCYTYPE_GOLDCOIN_SCORE	12
CurrencyType	4	CURRENCYTYPE_RESPECT	13
CurrencyType	4	CURRENCYTYPE_REFINING	14
CurrencyType	4	CURRENCYTYPE_ENERGY	15
CurrencyType	4	CURRENCYTYPE_ARENA_CREDITS	16
CurrencyType	4	CURRENCYTYPE_END	17
DAMAGE_TYPE	4	damage_physics	0
DAMAGE_TYPE	4	damage_fire	1
DAMAGE_TYPE	4	damage_cold	2
DAMAGE_TYPE	4	damage_light	3
DAMAGE_TYPE	4	damage_poison	4
DAMAGE_TYPE	4	damage_magic	5
DAMAGE_TYPE	4	damage_return	6
DAMAGE_TYPE	4	damage_num	7
DEAL_MODE	4	DM_None	1
DEAL_MODE	4	DM_BackTown	2
DEAL_MODE	4	DM_BadExp	4
DEAL_MODE	4	DM_BadLife	8
DEAL_MODE	4	DM_BadMana	16
DiceBonus	4	bonus_none	0
DiceBonus	4	bonus_twice	1
DiceBonus	4	bonus_series	2
DiceBonus	4	bonus_thrice	3
EGameMasterCommand	4	GMDoScriptAction	0
EGameMasterCommand	4	GMDoWorldScriptAction	1
EGameMasterCommand	4	GMRunScriptFile	2
EGameMasterCommand	4	GMReloadScriptFile	3
EGameMasterCommand	4	GMReloadAllScriptFile	4
EGameMasterCommand	4	GMDoWorldScriptFileAction	5
EQUIP_UPGRADE_TYPE	4	EUT_UNKNOWN	-1
EQUIP_UPGRADE_TYPE	4	EUT_COMPOUND_CRYOLITE	0
EQUIP_UPGRADE_TYPE	4	EUT_UPDATE_CRYOLITE	1
EQUIP_UPGRADE_TYPE	4	EUT_UPDATE_MAGIC_MINE	2
EQUIP_UPGRADE_TYPE	4	EUT_DISTILL_PROP_MINE	3
EQUIP_UPGRADE_TYPE	4	EUT_FORGE_EQUIP	4
EQUIP_UPGRADE_TYPE	4	EUT_ENCHASE_EQUIP	5
EQUIP_UPGRADE_TYPE	4	EUT_GOAD_ATLAS	6
EQUIP_UPGRADE_TYPE	4	EUT_UPGRADE_TYPE_NUM	7
EQUIP_UPGRADE_TYPE	4	EUT_OLD_UPGRADE	8
FEATURE_PRIORITY	4	feature_prior_normal	0
FEATURE_PRIORITY	4	feature_prior_title	8
FEATURE_PRIORITY	4	feature_prior_disguise_mask	16
FEATURE_PRIORITY	4	feature_prior_disguise_script	32
FEATURE_STATE	4	feature_state_normal	0
FEATURE_STATE	4	feature_state_disguise	1
FEATURE_STATE	4	feature_state_hidden	2
FORBIT_LEVEL	4	forbit_none	0
FORBIT_LEVEL	4	forbit_for_inworld	1
FORBIT_LEVEL	4	forbit_for_inown	2
FORBIT_LEVEL	4	forbit_for_all	3
FORBIT_LEVEL	4	forbit_level_end	3
FOUNDRY_RESULT_TYPE	4	error_unknown	-1
FOUNDRY_RESULT_TYPE	4	foundry_succeed	0
FOUNDRY_RESULT_TYPE	4	foundry_failure	1
FOUNDRY_RESULT_TYPE	4	foundry_no_money	2
FOUNDRY_RESULT_TYPE	4	foundry_level_full	3
FOUNDRY_RESULT_TYPE	4	foundry_lack_resource	4
FOUNDRY_RESULT_TYPE	4	foundry_level_differ	5
FOUNDRY_RESULT_TYPE	4	foundry_no_magic	6
FOUNDRY_RESULT_TYPE	4	foundry_series_differ	7
FOUNDRY_RESULT_TYPE	4	foundry_not_accord	8
FOUNDRY_RESULT_TYPE	4	foundry_accord_rule	9
FOUNDRY_RESULT_TYPE	4	foundry_incorrect_opera	10
FOUNDRY_RESULT_TYPE	4	result_type_num	11
GOLDBOSSTYPE	4	boss_noboss	0
GOLDBOSSTYPE	4	boss_removewhendeath_callback	1
GOLDBOSSTYPE	4	boss_neverremove	2
GOLDBOSSTYPE	4	boss_removewhendeath	3
INVENTORY_ROOM	4	room_equipment	0
INVENTORY_ROOM	4	room_repository	1
INVENTORY_ROOM	4	room_trade	2
INVENTORY_ROOM	4	room_tradeback	3
INVENTORY_ROOM	4	room_trade1	4
INVENTORY_ROOM	4	room_immediacy	5
INVENTORY_ROOM	4	room_beset	6
INVENTORY_ROOM	4	room_ext1	7
INVENTORY_ROOM	4	room_ext2	8
INVENTORY_ROOM	4	room_ext3	9
INVENTORY_ROOM	4	room_giveitem	10
INVENTORY_ROOM	4	room_distill	11
INVENTORY_ROOM	4	room_enchase	12
INVENTORY_ROOM	4	room_atlas	13
INVENTORY_ROOM	4	room_partnerbag	14
INVENTORY_ROOM	4	room_num	15
ITEM_PART	4	itempart_head	0
ITEM_PART	4	itempart_body	1
ITEM_PART	4	itempart_belt	2
ITEM_PART	4	itempart_weapon	3
ITEM_PART	4	itempart_foot	4
ITEM_PART	4	itempart_cuff	5
ITEM_PART	4	itempart_amulet	6
ITEM_PART	4	itempart_ring1	7
ITEM_PART	4	itempart_ring2	8
ITEM_PART	4	itempart_pendant	9
ITEM_PART	4	itempart_active_attrib_begin	10
ITEM_PART	4	itempart_horse	10
ITEM_PART	4	itempart_mask	11
ITEM_PART	4	itempart_mantle	12
ITEM_PART	4	itempart_signet	13
ITEM_PART	4	itempart_shipin	14
ITEM_PART	4	itempart_active_attrib_end	14
ITEM_PART	4	itempart_num	15
ITEM_POSITION	4	pos_hand	1
ITEM_POSITION	4	pos_equip	2
ITEM_POSITION	4	pos_equiproom	3
ITEM_POSITION	4	pos_repositoryroom	4
ITEM_POSITION	4	pos_traderoom	5
ITEM_POSITION	4	pos_trade1	6
ITEM_POSITION	4	pos_immediacy	7
ITEM_POSITION	4	pos_beset	8
ITEM_POSITION	4	pos_ext1	9
ITEM_POSITION	4	pos_ext2	10
ITEM_POSITION	4	pos_ext3	11
ITEM_POSITION	4	pos_giveitemroom	12
ITEM_POSITION	4	pos_orecompound	13
ITEM_POSITION	4	pos_propmineupdate	14
ITEM_POSITION	4	pos_cryoliteupdate	15
ITEM_POSITION	4	pos_distillbox	16
ITEM_POSITION	4	pos_distillroom	17
ITEM_POSITION	4	pos_forgebox	18
ITEM_POSITION	4	pos_enchasebox	19
ITEM_POSITION	4	pos_enchaseroom	20
ITEM_POSITION	4	pos_atlasbox	21
ITEM_POSITION	4	pos_atlasroom	22
ITEM_POSITION	4	pos_partnerbag	23
ITEM_POSITION	4	pos_num	24
KE_LIMITTIME_STATE	4	emLIMITTIME_HEALTH	0
KE_LIMITTIME_STATE	4	emLIMITTIME_TIRED	1
KE_LIMITTIME_STATE	4	emLIMITTIME_ILLHEALTH	2
KE_LOGLEVEL	4	emLOGLEVEL_FATAL	0
KE_LOGLEVEL	4	emLOGLEVEL_ERROR	1
KE_LOGLEVEL	4	emLOGLEVEL_WARN	2
KE_LOGLEVEL	4	emLOGLEVEL_INFO	3
KE_LOGLEVEL	4	emLOGLEVEL_DEBUG	4
KE_LOGOUTTYPE	4	emLOGOUTTYPE_NONE	0
KE_LOGOUTTYPE	4	emLOGOUTTYPE_GAMEWORLD	1
KE_LOGOUTTYPE	4	emLOGOUTTYPE_BISHOP	2
KE_MAXDURABILITYTYPE	4	emNEWPOINT	0
KE_MAXDURABILITYTYPE	4	emPERCENT	1
KE_MAXDURABILITYTYPE	4	emADDPOINT	2
KE_MAXDURABILITYTYPE	4	emADDPERCENT	3
KE_MAXDURABILITYTYPE	4	emCOUNT	4
KE_NATIONALWAR_POSITION	4	emNWPOS_NONE	0
KE_NATIONALWAR_POSITION	4	emNWPOS_EMPEROR	1
KE_NATIONALWAR_POSITION	4	emNWPOS_KING	2
KE_NATIONALWAR_POSITION	4	emNWPOS_INSTATEABLE	3
KE_NATIONALWAR_POSITION	4	emNWPOS_MINISTER	3
KE_NATIONALWAR_POSITION	4	emNWPOS_MARSHAL	4
KE_NATIONALWAR_POSITION	4	emNWPOS_PIONEER	5
KE_NATIONALWAR_POSITION	4	emNWPOS_COUNT	6
KE_NORMALPKSTATUS	4	emNORMALPKSTAT_EXERCISE	0
KE_NORMALPKSTATUS	4	emNORMALPKSTAT_FIGHT	1
KE_NORMALPKSTATUS	4	emNORMALPKSTAT_BUTCHER	2
KE_NORMALPKSTATUS	4	emNORMALPKSTAT_COUNT	3
KE_PRODUCT_LANGUAGE	4	emKPRODUCT_LANGUAGE_BEGIN	0
KE_PRODUCT_LANGUAGE	4	emKPRODUCT_LANGUAGE_DEFAULT	0
KE_PRODUCT_LANGUAGE	4	emKPRODUCT_LANGUAGE_GBK	1
KE_PRODUCT_LANGUAGE	4	emKPRODUCT_LANGUAGE_GB2132	2
KE_PRODUCT_LANGUAGE	4	emKPRODUCT_LANGUAGE_BIG5	3
KE_PRODUCT_LANGUAGE	4	emKPRODUCT_LANGUAGE_MALAI_C_C	4
KE_PRODUCT_LANGUAGE	4	emKPRODUCT_LANGUAGE_VIETNAM	5
KE_PRODUCT_LANGUAGE	4	emKPRODUCT_LANGUAGE_END	5
KE_PRODUCT_REGION	4	emKPRODUCT_REGION_BEGIN	0
KE_PRODUCT_REGION	4	emKPRODUCT_REGION_CN	0
KE_PRODUCT_REGION	4	emKPRODUCT_REGION_CNIB	1
KE_PRODUCT_REGION	4	emKPRODUCT_REGION_TW	2
KE_PRODUCT_REGION	4	emKPRODUCT_REGION_MY	3
KE_PRODUCT_REGION	4	emKPRODUCT_REGION_VN	4
KE_PRODUCT_REGION	4	emKPRODUCT_REGION_END	4
KE_SAVEACTION	4	saveaction_shop	0
KE_SAVEACTION	4	saveaction_trade	1
KE_SAVEACTION	4	saveaction_stall	2
KE_SAVEACTION	4	saveaction_count	3
KE_SERVERTYPE	4	emSERVER_GODDESS	0
KE_SERVERTYPE	4	emSERVER_BISHOP	1
KE_SERVERTYPE	4	emSERVER_HOST	2
KE_SERVERTYPE	4	emSERVER_TONG	3
KE_SERVERTYPE	4	emSERVER_CHAT	4
KE_SERVERTYPE	4	emSERVER_COUNT	5
KE_TRIPMODE	4	emTRIPMODE_NONE	0
KE_TRIPMODE	4	emTRIPMODE_CLIENT	1
KE_TRIPMODE	4	emTRIPMODE_SERVER	2
KGLOG_OPTIONS	4	KGLOG_OPTION_FILE	1
KGLOG_OPTIONS	4	KGLOG_OPTION_CONSOLE	2
KGLOG_OPTIONS	4	KGLOG_OPTION_STDERR	4
KGLOG_PRIORITY	4	KGLOG_RESERVE0	0
KGLOG_PRIORITY	4	KGLOG_RESERVE1	1
KGLOG_PRIORITY	4	KGLOG_RESERVE2	2
KGLOG_PRIORITY	4	KGLOG_ERR	3
KGLOG_PRIORITY	4	KGLOG_WARNING	4
KGLOG_PRIORITY	4	KGLOG_RESERVE3	5
KGLOG_PRIORITY	4	KGLOG_INFO	6
KGLOG_PRIORITY	4	KGLOG_DEBUG	7
KGLOG_PRIORITY	4	KGLOG_PRIORITY_MAX	8
LOTTERY_PRIZE	4	prize_error	-1
LOTTERY_PRIZE	4	prize_none	0
LOTTERY_PRIZE	4	prize_1	1
LOTTERY_PRIZE	4	prize_2	2
LOTTERY_PRIZE	4	prize_3	3
LOTTERY_PRIZE	4	prize_4	4
LOTTERY_PRIZE	4	prize_5	5
LOTTERY_PRIZE	4	prize_6	6
LOTTERY_PRIZE	4	prize_7	7
LOTTERY_PRIZE	4	prize_8	8
LOTTERY_PRIZE	4	prize_9	9
LOTTERY_PRIZE	4	prize_10	10
LOTTERY_PRIZE	4	prize_max	11
LeagueProtocol	4	g2r_leagueapply_addmember	0
LeagueProtocol	4	g2r_leagueapply_removemember	1
LeagueProtocol	4	g2r_leagueapply_addleague	2
LeagueProtocol	4	g2r_leagueapply_removeleague	3
LeagueProtocol	4	g2r_leagueapply_settask_league	4
LeagueProtocol	4	g2r_leagueapply_settask_member	5
LeagueProtocol	4	g2r_leagueapply_appendtask_league	6
LeagueProtocol	4	g2r_leagueapply_appendtask_member	7
LeagueProtocol	4	g2r_leagueapply_doscript	8
LeagueProtocol	4	r2g_league_error	128
LeagueProtocol	4	r2g_league_update	129
LeagueProtocol	4	r2g_league_addmember	130
LeagueProtocol	4	r2g_league_removemember	131
LeagueProtocol	4	r2g_league_removeleague	132
LeagueProtocol	4	r2g_league_settask_league	133
LeagueProtocol	4	r2g_league_settask_member	134
MAGIC_SCRIPT_CASTTYPE	4	launcher_pos	0
MAGIC_SCRIPT_CASTTYPE	4	launcher_id	1
MAGIC_SCRIPT_CASTTYPE	4	target_pos	2
MAGIC_SCRIPT_CASTTYPE	4	target_id	3
MARK_FLAG	4	mark_none	0
MARK_FLAG	4	mark_inworld	1
MARK_FLAG	4	mark_dupe_free	1
MARK_FLAG	4	mark_dupe_limit	2
MOVE_OBJ_KIND	4	obj_npc	0
MOVE_OBJ_KIND	4	obj_object	1
MSGINFO_TYPE	4	msginfo_type_pickup_item	0
MSGINFO_TYPE	4	msginfo_type_end	1
MiniMapObjType	4	MMOT_DEST	0
MiniMapObjType	4	MMOT_TELLPOS	1
MiniMapObjType	4	MMOT_HIGHLIGHT	2
MiniMapObjType	4	MMOT_NUM	3
NPCATTRIB	4	attrib_mana	0
NPCATTRIB	4	attrib_stamina	1
NPCATTRIB	4	attrib_life	2
NPCATTRIB	4	attrib_maxmana	3
NPCATTRIB	4	attrib_maxstamina	4
NPCATTRIB	4	attrib_maxlife	5
NPCCAMP	4	camp_begin	0
NPCCAMP	4	camp_justice	1
NPCCAMP	4	camp_evil	2
NPCCAMP	4	camp_balance	3
NPCCAMP	4	camp_free	4
NPCCAMP	4	camp_animal	5
NPCCAMP	4	camp_event	6
NPCCAMP	4	camp_num	7
NPCCMD	4	do_none	0
NPCCMD	4	do_stand	1
NPCCMD	4	do_walk	2
NPCCMD	4	do_run	3
NPCCMD	4	do_jump	4
NPCCMD	4	do_skill	5
NPCCMD	4	do_magic	6
NPCCMD	4	do_attack	7
NPCCMD	4	do_sit	8
NPCCMD	4	do_hurt	9
NPCCMD	4	do_death	10
NPCCMD	4	do_defense	11
NPCCMD	4	do_idle	12
NPCCMD	4	do_specialskill	13
NPCCMD	4	do_special1	14
NPCCMD	4	do_special2	15
NPCCMD	4	do_special3	16
NPCCMD	4	do_special4	17
NPCCMD	4	do_runattack	18
NPCCMD	4	do_manyattack	19
NPCCMD	4	do_jumpattack	20
NPCCMD	4	do_revive	21
NPCCMD	4	do_stall	22
NPCCMD	4	do_movepos	23
NPCCMD	4	do_knockback	24
NPCKIND	4	kind_normal	0
NPCKIND	4	kind_player	1
NPCKIND	4	kind_partner	2
NPCKIND	4	kind_dialoger	3
NPCKIND	4	kind_bird	4
NPCKIND	4	kind_mouse	5
NPCKIND	4	kind_pet	6
NPCKIND	4	kind_num	7
NPCSEX	4	sex_male	0
NPCSEX	4	sex_female	1
NPC_RELATION	4	relation_none	1
NPC_RELATION	4	relation_self	2
NPC_RELATION	4	relation_ally	4
NPC_RELATION	4	relation_enemy	8
NPC_RELATION	4	relation_dialog	16
NPC_RELATION	4	relation_nonpc	32
NPC_RELATION	4	relation_hide	64
NPC_RELATION	4	relation_num	65
NPC_RELATION	4	relation_all	31
Obstacle_Kind	4	Obstacle_NULL	0
Obstacle_Kind	4	Obstacle_Normal	1
Obstacle_Kind	4	Obstacle_Fly	2
Obstacle_Kind	4	Obstacle_Jump	3
Obstacle_Kind	4	Obstacle_JumpFly	4
Obstacle_Kind	4	Obstacle_Kind_Num	5
PARTNER_SKILL_TYPE	4	partner_resist_skill	0
PARTNER_SKILL_TYPE	4	partner_given_skill	1
PARTNER_SKILL_TYPE	4	partner_learnt_skill	2
PARTNER_SKILL_TYPE	4	partner_ultimate_skill	3
PARTNER_SKILL_TYPE	4	partner_skill_type_num	4
PARTNER_TYPE	4	type_none	0
PARTNER_TYPE	4	type_fightnpc	1
PLATINA_ITEM_LEVEL	4	COUNT_PLATINA_LEVEL	11
PLATINA_ITEM_LEVEL	4	ADV_PLATINA_LEVEL	6
PLATINA_ITEM_LEVEL	4	MIN_PLATINA_LEVEL	0
PLATINA_ITEM_LEVEL	4	MAX_PLATINA_LEVEL	10
RecordLogType	4	recordlog_none	0
RecordLogType	4	recordlog_normal	1
RecordLogType	4	recordlog_money	2
RecordLogType	4	recordlog_pos	3
RecordLogType	4	recordlog_trade	4
RecordLogType	4	recordlog_data	5
RecordLogType	4	recordlog_all	6
SALE_BEHAVIOR	4	BUY	0
SALE_BEHAVIOR	4	SELL	1
STATE_TIME_TYPE	4	state_time_normal	0
STATE_TIME_TYPE	4	state_time_gametime	1
STATE_TIME_TYPE	4	state_time_truetime	2
STATE_TIME_TYPE	4	state_time_count	3
TIME_TYPE	4	title_time_normal	0
TIME_TYPE	4	title_time_gametime	1
TIME_TYPE	4	title_time_truetime	2
TIME_TYPE	4	title_time_count	3
TONG_LIST_SORT_TYPE	4	enum_tonglist_sortby_level	0
TONG_LIST_SORT_TYPE	4	enum_tonglist_sortby_membercount	1
TONG_LIST_SORT_TYPE	4	enum_tonglist_sortby_buildlevel	2
TONG_LIST_SORT_TYPE	4	enum_tonglist_sortby_union	3
TONG_LIST_SORT_TYPE	4	enum_tonglist_sortby_workshopcount	4
TONG_LIST_SORT_TYPE	4	enum_tonglist_sort_type_num	5
TONG_MEMBER_FIGURE	4	enumTONG_FIGURE_MASTER	0
TONG_MEMBER_FIGURE	4	enumTONG_FIGURE_DIRECTOR	1
TONG_MEMBER_FIGURE	4	enumTONG_FIGURE_MANAGER	2
TONG_MEMBER_FIGURE	4	enumTONG_FIGURE_MEMBER	3
TONG_MEMBER_FIGURE	4	enumTONG_FIGURE_RETIRE	4
TONG_MEMBER_FIGURE	4	enumTONG_FIGURE_NUM	5
TONG_MEMBER_SORT_TYPE	4	enum_memberlist_sortby_level	0
TONG_MEMBER_SORT_TYPE	4	enum_memberlist_sortby_dailyoffer	1
TONG_MEMBER_SORT_TYPE	4	enum_memberlist_sortby_weeklyoffer	2
TONG_MEMBER_SORT_TYPE	4	enum_memberlist_sortby_weekgoaloffer	3
TONG_MEMBER_SORT_TYPE	4	enum_memberlist_retire_only	4
TONG_MEMBER_SORT_TYPE	4	enum_memberlist_sortby_figure	5
TONG_MEMBER_SORT_TYPE	4	enum_memberlist_sortby_lastonline	6
TONG_MEMBER_SORT_TYPE	4	enum_memberlist_sort_type_num	7
TONG_UNION_SORT_TYPE	4	enum_unionlist_sortby_tongcount	0
TONG_UNION_SORT_TYPE	4	enum_unionlist_sort_type_num	1
TableType	4	TABLE_TYPE_CONDITION	0
TableType	4	TABLE_TYPE_ENTITY	1
TableType	4	TABLE_TYPE_AWARD	2
TableType	4	TABLE_TYPE_TALK	3
TableType	4	TABLE_TYPE_COUNT	4
TongExProtocol	4	tp_executor_action_begin	0
TongExProtocol	4	tp_executor_action_tong_begin	0
TongExProtocol	4	tp_tong_upgrade	1
TongExProtocol	4	tp_tong_degrade	2
TongExProtocol	4	tp_tong_changecamp	3
TongExProtocol	4	tp_tong_moneyfund2buildfund	4
TongExProtocol	4	tp_tong_buildfund2warfund	5
TongExProtocol	4	tp_tong_setannouncement	6
TongExProtocol	4	tp_tong_claimwar	7
TongExProtocol	4	tp_executor_action_tong_end	8
TongExProtocol	4	tp_executor_action_workshop_begin	1280
TongExProtocol	4	tp_workshop_learn	1281
TongExProtocol	4	tp_workshop_remove	1282
TongExProtocol	4	tp_workshop_open	1283
TongExProtocol	4	tp_workshop_close	1284
TongExProtocol	4	tp_workshop_upgrade	1285
TongExProtocol	4	tp_workshop_degrade	1286
TongExProtocol	4	tp_workshop_use	1287
TongExProtocol	4	tp_workshop_maintain	1288
TongExProtocol	4	tp_workshop_setuselevelset	1289
TongExProtocol	4	tp_executor_action_workshop_end	1290
TongExProtocol	4	tp_executor_action_member_begin	4096
TongExProtocol	4	tp_member_money2buildfund	4097
TongExProtocol	4	tp_member_contribution2storeoffer	4098
TongExProtocol	4	tp_member_storeoffer2contribution1	4099
TongExProtocol	4	tp_member_storeoffer2contribution2	4100
TongExProtocol	4	tp_member_add	4101
TongExProtocol	4	tp_member_kick	4102
TongExProtocol	4	tp_member_retire	4103
TongExProtocol	4	tp_member_setfigure	4104
TongExProtocol	4	tp_member_right_assign	4105
TongExProtocol	4	tp_member_right_award	4106
TongExProtocol	4	tp_member_right_retract	4107
TongExProtocol	4	tp_executor_action_member_end	4108
TongExProtocol	4	tp_executor_action_union_begin	5376
TongExProtocol	4	tp_union_join_apply	5377
TongExProtocol	4	tp_union_join_refuse	5378
TongExProtocol	4	tp_executor_action_union_end	5379
TongExProtocol	4	tp_executor_action_end	5380
TongExProtocol	4	tp_nonexecutor_action_begin	16384
TongExProtocol	4	tp_nonexecutor_action_tonglist_begin	16384
TongExProtocol	4	tp_unionlist_data	16385
TongExProtocol	4	tp_tonglist_data	16386
TongExProtocol	4	tp_member_data	16387
TongExProtocol	4	tp_nonexecutor_action_tonglist_end	16388
TongExProtocol	4	tp_nonexecutor_action_tong_begin	17664
TongExProtocol	4	tp_tong_onlinelist	17665
TongExProtocol	4	tp_tong_settaskvalue	17666
TongExProtocol	4	tp_tong_appendtaskvalue	17667
TongExProtocol	4	tp_tong_appendutaskvalue	17668
TongExProtocol	4	tp_tong_add	17669
TongExProtocol	4	tp_tong_remove	17670
TongExProtocol	4	tp_tong_maletitle	17671
TongExProtocol	4	tp_tong_femaletitle	17672
TongExProtocol	4	tp_tong_setmoneyfund	17673
TongExProtocol	4	tp_tong_addmoneyfund	17674
TongExProtocol	4	tp_tong_addeventrecord	17675
TongExProtocol	4	tp_tong_addhistoryrecord	17676
TongExProtocol	4	tp_tong_maintain	17677
TongExProtocol	4	tp_tong_weekly_maintain	17678
TongExProtocol	4	tp_tong_changecurcamp	17679
TongExProtocol	4	tp_tong_creatmap	17680
TongExProtocol	4	tp_tong_mapcreated	17681
TongExProtocol	4	tp_tong_deletemap	17682
TongExProtocol	4	tp_tong_setmap	17683
TongExProtocol	4	tp_tong_stunt_set	17684
TongExProtocol	4	tp_tong_msg	17685
TongExProtocol	4	tp_map_ban	17686
TongExProtocol	4	tp_tong_finish_claimwar	17687
TongExProtocol	4	tp_nonexecutor_action_tong_end	17688
TongExProtocol	4	tp_nonexecutor_action_workshop_begin	20480
TongExProtocol	4	tp_workshop_settaskvalue	20481
TongExProtocol	4	tp_workshop_appendtaskvalue	20482
TongExProtocol	4	tp_workshop_appendutaskvalue	20483
TongExProtocol	4	tp_workshop_setuselevel	20484
TongExProtocol	4	tp_nonexecutor_action_workshop_end	20485
TongExProtocol	4	tp_nonexecutor_action_member_begin	21760
TongExProtocol	4	tp_member_settaskvalue	21761
TongExProtocol	4	tp_member_appendtaskvalue	21762
TongExProtocol	4	tp_member_appendutaskvalue	21763
TongExProtocol	4	tp_member_settmptaskvalue	21764
TongExProtocol	4	tp_member_remove	21765
TongExProtocol	4	tp_member_delete	21766
TongExProtocol	4	tp_member_setonline	21767
TongExProtocol	4	tp_member_settitle	21768
TongExProtocol	4	tp_member_appendoffer	21769
TongExProtocol	4	tp_member_dispenseoffer	21770
TongExProtocol	4	tp_member_setoffer	21771
TongExProtocol	4	tp_member_changefeature	21772
TongExProtocol	4	tp_member_rename	21773
TongExProtocol	4	tp_nonexecutor_action_member_end	21774
TongExProtocol	4	tp_nonexecutor_action_union_begin	24576
TongExProtocol	4	tp_union_settaskvalue	24577
TongExProtocol	4	tp_union_appendtaskvalue	24578
TongExProtocol	4	tp_union_appendutaskvalue	24579
TongExProtocol	4	tp_union_add	24580
TongExProtocol	4	tp_union_remove	24581
TongExProtocol	4	tp_union_addtong	24582
TongExProtocol	4	tp_union_removetong	24583
TongExProtocol	4	tp_nonexecutor_action_union_end	24584
TongExProtocol	4	tp_nonexecutor_action_end	24585
TongExProtocol	4	tp_client_begin	32768
TongExProtocol	4	tp_client_sync_tong_head	32769
TongExProtocol	4	tp_client_sync_tong_synopsis	32770
TongExProtocol	4	tp_client_sync_tong_announcement	32771
TongExProtocol	4	tp_client_sync_tong_weekgoal	32772
TongExProtocol	4	tp_client_sync_tong_eventrecordlist	32773
TongExProtocol	4	tp_client_sync_tong_historyrecordlist	32774
TongExProtocol	4	tp_client_sync_tonglist_pagedata	32775
TongExProtocol	4	tp_client_sync_tonglist_name	32776
TongExProtocol	4	tp_client_sync_workshoplist	32777
TongExProtocol	4	tp_client_sync_member_synopsis	32778
TongExProtocol	4	tp_client_sync_member_mixdata	32779
TongExProtocol	4	tp_client_sync_member_right	32780
TongExProtocol	4	tp_client_sync_memberlist_pagedata	32781
TongExProtocol	4	tp_client_sync_memberlist_name	32782
TongExProtocol	4	tp_client_sync_memberlist_figurecount	32783
TongExProtocol	4	tp_client_sync_memberlist_figure	32784
TongExProtocol	4	tp_client_sync_union_tonglist	32785
TongExProtocol	4	tp_client_sync_unionlist_pagedata	32786
TongExProtocol	4	tp_client_sync_unionlist_name	32787
TongExProtocol	4	tp_client_sync_refresh_page	32788
TongExProtocol	4	tp_client_entertongmap	32789
TongExProtocol	4	tp_client_createtongmap	32790
TongExProtocol	4	tp_client_configuretongmap	32791
TongExProtocol	4	tp_client_configuretongstunt	32792
TongExProtocol	4	tp_client_end	32793
UnOpr	4	OPR_MINUS	0
UnOpr	4	OPR_NOT	1
UnOpr	4	OPR_NOUNOPR	2
_CODE_RESULT	4	SSR_OK	0
_CODE_RESULT	4	SSR_LOAD_ERROR	1
_CODE_RESULT	4	SSR_OVERFLOW	2
_CODE_RESULT	4	SSR_ERR_REVERSEINCLUDE	3
_Ios_Fmtflags	4	_S_boolalpha	1
_Ios_Fmtflags	4	_S_dec	2
_Ios_Fmtflags	4	_S_fixed	4
_Ios_Fmtflags	4	_S_hex	8
_Ios_Fmtflags	4	_S_internal	16
_Ios_Fmtflags	4	_S_left	32
_Ios_Fmtflags	4	_S_oct	64
_Ios_Fmtflags	4	_S_right	128
_Ios_Fmtflags	4	_S_scientific	256
_Ios_Fmtflags	4	_S_showbase	512
_Ios_Fmtflags	4	_S_showpoint	1024
_Ios_Fmtflags	4	_S_showpos	2048
_Ios_Fmtflags	4	_S_skipws	4096
_Ios_Fmtflags	4	_S_unitbuf	8192
_Ios_Fmtflags	4	_S_uppercase	16384
_Ios_Fmtflags	4	_S_adjustfield	176
_Ios_Fmtflags	4	_S_basefield	74
_Ios_Fmtflags	4	_S_floatfield	260
_Ios_Fmtflags	4	_S_ios_fmtflags_end	65536
_Ios_Iostate	4	_S_goodbit	0
_Ios_Iostate	4	_S_badbit	1
_Ios_Iostate	4	_S_eofbit	2
_Ios_Iostate	4	_S_failbit	4
_Ios_Iostate	4	_S_ios_iostate_end	65536
_Ios_Openmode	4	_S_app	1
_Ios_Openmode	4	_S_ate	2
_Ios_Openmode	4	_S_bin	4
_Ios_Openmode	4	_S_in	8
_Ios_Openmode	4	_S_out	16
_Ios_Openmode	4	_S_trunc	32
_Ios_Openmode	4	_S_ios_openmode_end	65536
_Ios_Seekdir	4	_S_beg	0
_Ios_Seekdir	4	_S_cur	1
_Ios_Seekdir	4	_S_end	2
_Ios_Seekdir	4	_S_ios_seekdir_end	65536
_ItemHoldStatus	4	ItemHS_Not	0
_ItemHoldStatus	4	ItemHS_Room	1
_ItemHoldStatus	4	ItemHS_Equip	2
_Rb_tree_color	4	_S_red	0
_Rb_tree_color	4	_S_black	1
_enumCMD_OPE_TYPE	4	enumCMD_OPE_TYPE_USE	0
_enumCMD_OPE_TYPE	4	enumCMD_OPE_TYPE_WAIT	1
_enumCMD_OPE_TYPE	4	enumCMD_OPE_TYPE_POP	2
_enumCMD_OPE_TYPE	4	enumCMD_OPE_TYPE_NUM	3
c2s_PROTOCOL	4	c2s_roleserver_saveroleinfo	10
c2s_PROTOCOL	4	c2s_roleserver_createroleinfo	11
c2s_PROTOCOL	4	c2s_gmsvr2gateway_saverole	12
c2s_PROTOCOL	4	c2s_micropackbegin	31
c2s_PROTOCOL	4	c2s_accountbegin	32
c2s_PROTOCOL	4	c2s_accountlogin	33
c2s_PROTOCOL	4	c2s_gamelogin	34
c2s_PROTOCOL	4	c2s_accountlogout	35
c2s_PROTOCOL	4	c2s_gatewayverify	36
c2s_PROTOCOL	4	c2s_gatewayverifyagain	37
c2s_PROTOCOL	4	c2s_gatewayinfo	38
c2s_PROTOCOL	4	c2s_gatewayclose	39
c2s_PROTOCOL	4	c2s_account_change_extpoint	40
c2s_PROTOCOL	4	c2s_gateway_kickout	41
c2s_PROTOCOL	4	c2s_tryout_timeout_req	42
c2s_PROTOCOL	4	c2s_statinfo	43
c2s_PROTOCOL	4	c2s_cdkey	44
c2s_PROTOCOL	4	c2s_change_account_state	45
c2s_PROTOCOL	4	c2s_paysys_ib_item_buy	46
c2s_PROTOCOL	4	c2s_paysys_ib_item_use	47
c2s_PROTOCOL	4	c2s_paysys_end	48
c2s_PROTOCOL	4	c2s_multiserverbegin	48
c2s_PROTOCOL	4	c2s_permitplayerlogin	49
c2s_PROTOCOL	4	c2s_updatemapinfo	50
c2s_PROTOCOL	4	c2s_updategameserverinfo	51
c2s_PROTOCOL	4	c2s_entergame	52
c2s_PROTOCOL	4	c2s_leavegame	53
c2s_PROTOCOL	4	c2s_registeraccount	54
c2s_PROTOCOL	4	c2s_requestsvrip	55
c2s_PROTOCOL	4	c2s_roleserver_getrolelist	56
c2s_PROTOCOL	4	c2s_roleserver_getroleinfo	57
c2s_PROTOCOL	4	c2s_roleserver_deleteplayer	58
c2s_PROTOCOL	4	c2s_transfer_role	59
c2s_PROTOCOL	4	c2s_gamestatistic	60
c2s_PROTOCOL	4	c2s_roleserver_lock	61
c2s_PROTOCOL	4	c2s_change_extpoint	62
c2s_PROTOCOL	4	c2s_use_spreader_cdkey	63
c2s_PROTOCOL	4	c2s_dynamicupdatemapinfo	64
c2s_PROTOCOL	4	c2s_gs_ib_item_buy	65
c2s_PROTOCOL	4	c2s_gs_ib_item_use	66
c2s_PROTOCOL	4	c2s_ready_state	67
c2s_PROTOCOL	4	c2s_gameserverbegin	64
c2s_PROTOCOL	4	c2s_login	65
c2s_PROTOCOL	4	c2s_logiclogin	66
c2s_PROTOCOL	4	c2s_syncend	67
c2s_PROTOCOL	4	c2s_loadplayer	68
c2s_PROTOCOL	4	c2s_newplayer	69
c2s_PROTOCOL	4	c2s_removeplayer	70
c2s_PROTOCOL	4	c2s_requestworld	71
c2s_PROTOCOL	4	c2s_requestplayer	72
c2s_PROTOCOL	4	c2s_requestnpc	73
c2s_PROTOCOL	4	c2s_requestobj	74
c2s_PROTOCOL	4	c2s_npcwalk	75
c2s_PROTOCOL	4	c2s_npcrun	76
c2s_PROTOCOL	4	c2s_npcskill	77
c2s_PROTOCOL	4	c2s_npcjump	78
c2s_PROTOCOL	4	c2s_npctalk	79
c2s_PROTOCOL	4	c2s_npchurt	80
c2s_PROTOCOL	4	c2s_npcdeath	81
c2s_PROTOCOL	4	c2s_playertalk	82
c2s_PROTOCOL	4	c2s_team	83
c2s_PROTOCOL	4	c2s_playerapplysetpk	84
c2s_PROTOCOL	4	c2s_playerapplyfactiondata	85
c2s_PROTOCOL	4	c2s_playersendchat	86
c2s_PROTOCOL	4	c2s_playeraddbaseattribute	87
c2s_PROTOCOL	4	c2s_playerapplyaddskillpoint	88
c2s_PROTOCOL	4	c2s_playereatitem	89
c2s_PROTOCOL	4	c2s_playerpickupitem	90
c2s_PROTOCOL	4	c2s_playermoveitem	91
c2s_PROTOCOL	4	c2s_playersellitem	92
c2s_PROTOCOL	4	c2s_playerbuyitem	93
c2s_PROTOCOL	4	c2s_playerthrowawayitem	94
c2s_PROTOCOL	4	c2s_playerselui	95
c2s_PROTOCOL	4	c2s_chatsetchannel	96
c2s_PROTOCOL	4	c2s_chatapplyaddfriend	97
c2s_PROTOCOL	4	c2s_chataddfriend	98
c2s_PROTOCOL	4	c2s_chatrefusefriend	99
c2s_PROTOCOL	4	c2s_dbplayerselect	100
c2s_PROTOCOL	4	c2s_chatapplyresendallfriendname	101
c2s_PROTOCOL	4	c2s_chatapplysendonefriendname	102
c2s_PROTOCOL	4	c2s_chatdeletefriend	103
c2s_PROTOCOL	4	c2s_chatredeletefriend	104
c2s_PROTOCOL	4	c2s_tradeapplystateopen	105
c2s_PROTOCOL	4	c2s_tradeapplystateclose	106
c2s_PROTOCOL	4	c2s_tradeapplystart	107
c2s_PROTOCOL	4	c2s_trademovemoney	108
c2s_PROTOCOL	4	c2s_tradedecision	109
c2s_PROTOCOL	4	c2s_dialognpc	110
c2s_PROTOCOL	4	c2s_changeauraskill	111
c2s_PROTOCOL	4	c2s_ping	112
c2s_PROTOCOL	4	c2s_npcsit	113
c2s_PROTOCOL	4	c2s_objmouseclick	114
c2s_PROTOCOL	4	c2s_storemoney	115
c2s_PROTOCOL	4	c2s_playerrevive	116
c2s_PROTOCOL	4	c2s_tradereplystart	117
c2s_PROTOCOL	4	c2s_pkapplychangenormalflag	118
c2s_PROTOCOL	4	c2s_pkapplyenmity	119
c2s_PROTOCOL	4	c2s_viewequip	120
c2s_PROTOCOL	4	c2s_ladderquery	121
c2s_PROTOCOL	4	c2s_repairitem	122
c2s_PROTOCOL	4	c2s_itemmask	123
c2s_PROTOCOL	4	c2s_stallextend	124
c2s_PROTOCOL	4	c2s_give	125
c2s_PROTOCOL	4	c2s_notify	126
c2s_PROTOCOL	4	c2s_enchaseritem	127
c2s_PROTOCOL	4	c2s_killerextend	128
c2s_PROTOCOL	4	c2s_auctionextend	129
c2s_PROTOCOL	4	c2s_citywarextend	130
c2s_PROTOCOL	4	c2s_throwawayallmedicine	131
c2s_PROTOCOL	4	c2s_boxoperate	132
c2s_PROTOCOL	4	c2s_playerdivideitem	133
c2s_PROTOCOL	4	c2s_bulletincontentquery	134
c2s_PROTOCOL	4	c2s_autoattacknpc	135
c2s_PROTOCOL	4	c2s_requestcityowner	136
c2s_PROTOCOL	4	c2s_giveitemuiresult	137
c2s_PROTOCOL	4	c2s_bot_clientcheck_result	138
c2s_PROTOCOL	4	c2s_welcome2server	139
c2s_PROTOCOL	4	c2s_offline_request_req	140
c2s_PROTOCOL	4	c2s_offline_request_ask	141
c2s_PROTOCOL	4	c2s_offline_kickout_res	142
c2s_PROTOCOL	4	c2s_offline_timeout_res	143
c2s_PROTOCOL	4	c2s_daytime_req	144
c2s_PROTOCOL	4	c2s_requestnpcfeature	145
c2s_PROTOCOL	4	c2s_foundry_request	146
c2s_PROTOCOL	4	c2s_bishop_shutdowngodess	147
c2s_PROTOCOL	4	c2s_replyroleinfo	148
c2s_PROTOCOL	4	c2s_iambishop	149
c2s_PROTOCOL	4	c2s_request_statdata	150
c2s_PROTOCOL	4	c2s_getroledata_request	151
c2s_PROTOCOL	4	c2s_hostexchange	152
c2s_PROTOCOL	4	c2s_spectator	153
c2s_PROTOCOL	4	c2s_partnerextend	154
c2s_PROTOCOL	4	c2s_closeconnection	155
c2s_PROTOCOL	4	c2s_queryrolename	156
c2s_PROTOCOL	4	c2s_lockaccount	157
c2s_PROTOCOL	4	c2s_unlockaccount	158
c2s_PROTOCOL	4	c2s_changerolename	159
c2s_PROTOCOL	4	c2s_changerolename_finish	160
c2s_PROTOCOL	4	c2s_querytongname	161
c2s_PROTOCOL	4	c2s_changetongname	162
c2s_PROTOCOL	4	c2s_sendtextcmd	163
c2s_PROTOCOL	4	c2s_chatroom	164
c2s_PROTOCOL	4	c2s_tongexextend	165
c2s_PROTOCOL	4	c2s_request_npcstate	166
c2s_PROTOCOL	4	c2s_apply_syncfile	167
c2s_PROTOCOL	4	c2s_setplayertaskvalue	168
c2s_PROTOCOL	4	c2s_nationalwar	169
c2s_PROTOCOL	4	c2s_select_diceitem	170
c2s_PROTOCOL	4	c2s_script_protocol	171
c2s_PROTOCOL	4	c2s_stores_change_shop	172
c2s_PROTOCOL	4	c2s_tripserver	173
c2s_PROTOCOL	4	c2s_tripclient	174
c2s_PROTOCOL	4	c2s_get_tags_request	175
c2s_PROTOCOL	4	c2s_add_tag	176
c2s_PROTOCOL	4	c2s_del_tag	177
c2s_PROTOCOL	4	c2s_set_friend_publish_flag	178
c2s_PROTOCOL	4	c2s_num_check	179
c2s_PROTOCOL	4	_c2s_begin_relay	250
c2s_PROTOCOL	4	c2s_extend	250
c2s_PROTOCOL	4	c2s_extendchat	251
c2s_PROTOCOL	4	c2s_extendfriend	252
c2s_PROTOCOL	4	_c2s_end_relay	252
c2s_PROTOCOL	4	c2s_extendtong	253
c2s_PROTOCOL	4	c2s_end	254
eAutoAttackNpc	4	autoattacknpc_no	0
eAutoAttackNpc	4	autoattacknpc_normal	1
eAutoAttackNpc	4	autoattacknpc_count	2
eMissleFollowKind	4	MISSLE_MFK_None	0
eMissleFollowKind	4	MISSLE_MFK_NPC	1
eMissleFollowKind	4	MISSLE_MFK_Missle	2
eMissleMoveKind	4	MISSLE_MMK_Stand	0
eMissleMoveKind	4	MISSLE_MMK_Line	1
eMissleMoveKind	4	MISSLE_MMK_Random	2
eMissleMoveKind	4	MISSLE_MMK_Circle	3
eMissleMoveKind	4	MISSLE_MMK_Helix	4
eMissleMoveKind	4	MISSLE_MMK_Follow	5
eMissleMoveKind	4	MISSLE_MMK_Motion	6
eMissleMoveKind	4	MISSLE_MMK_Parabola	7
eMissleMoveKind	4	MISSLE_MMK_SingleLine	8
eMissleMoveKind	4	MISSLE_MMK_RollBack	100
eMissleMoveKind	4	MISSLE_MMK_Toss	101
eMissleStatus	4	MS_DoWait	0
eMissleStatus	4	MS_DoFly	1
eMissleStatus	4	MS_DoVanish	2
eMissleStatus	4	MS_DoCollision	3
eMisslesForm	4	SKILL_MF_Wall	0
eMisslesForm	4	SKILL_MF_Line	1
eMisslesForm	4	SKILL_MF_Spread	2
eMisslesForm	4	SKILL_MF_Circle	3
eMisslesForm	4	SKILL_MF_Random	4
eMisslesForm	4	SKILL_MF_Zone	5
eMisslesForm	4	SKILL_MF_AtTarget	6
eMisslesForm	4	SKILL_MF_AtFirer	7
eMisslesForm	4	SKILL_MF_COUNT	8
eMisslesGenerateStyle	4	SKILL_MGS_NULL	0
eMisslesGenerateStyle	4	SKILL_MGS_SAMETIME	1
eMisslesGenerateStyle	4	SKILL_MGS_ORDER	2
eMisslesGenerateStyle	4	SKILL_MGS_RANDONORDER	3
eMisslesGenerateStyle	4	SKILL_MGS_RANDONSAME	4
eMisslesGenerateStyle	4	SKILL_MGS_CENTEREXTENDLINE	5
eRelativePosType	4	type_bornpos	1
eRelativePosType	4	type_launcherpos	2
eRelativePosType	4	type_targetpos	3
eRelativePosType	4	type_parentpos	4
eSKillStyle	4	SKILL_SS_Missles	0
eSKillStyle	4	SKILL_SS_Melee	1
eSKillStyle	4	SKILL_SS_InitiativeNpcState	2
eSKillStyle	4	SKILL_SS_PassivityNpcState	3
eSKillStyle	4	SKILL_SS_CreateNpc	4
eSKillStyle	4	SKILL_SS_BuildPoison	5
eSKillStyle	4	SKILL_SS_AddPoison	6
eSKillStyle	4	SKILL_SS_GetObjDirectly	7
eSKillStyle	4	SKILL_SS_StrideObstacle	8
eSKillStyle	4	SKILL_SS_BodyToObject	9
eSKillStyle	4	SKILL_SS_Mining	10
eSKillStyle	4	SKILL_SS_RepairWeapon	11
eSKillStyle	4	SKILL_SS_Capture	12
eSKillStyle	4	SKILL_SS_Thief	13
eSKillStyle	4	SKILL_SS_InstantMissle	14
eSimpeType	4	enu_translife	0
eSimpeType	4	enu_count	1
eSkillLauncherType	4	SKILL_SLT_Npc	0
eSkillLauncherType	4	SKILL_SLT_Obj	1
eSkillLauncherType	4	SKILL_SLT_Missle	2
eType	4	partnercount	0
enDICE_TYPE	4	BASE_DICE	0
enDICE_TYPE	4	NORMAL_DICE	1
enDICE_TYPE	4	NORMAL_ITEM_DICE	2
enumCityWarAreaPeriod	4	cwap_none	0
enumCityWarAreaPeriod	4	cwap_signup	1
enumCityWarAreaPeriod	4	cwap_onschedule	2
enumCityWarAreaPeriod	4	cwap_arenafighting	3
enumCityWarAreaPeriod	4	cwap_arenawaitforwar	4
enumCityWarAreaPeriod	4	cwap_citywarfighting	5
enumFeeType	4	FeeType_FreeUser	0
enumFeeType	4	FeeType_Monthly	1
enumFeeType	4	FeeType_Point	2
enumFeeType	4	FeeType_TELECOM	3
enumIB_ItemUseType	4	enumIB_ItemUseType_Unknown	-1
enumIB_ItemUseType	4	enumIB_ItemUseType_NotLimit	0
enumIB_ItemUseType	4	enumIB_ItemUseType_AnyTime	1
enumIB_ItemUseType	4	enumIB_ItemUseType_OneTime	2
enumItemConsumeMode	4	enumItemCMode_Normal	0
enumItemConsumeMode	4	enumItemCMode_RealConsume_Start	1
enumItemConsumeMode	4	enumItemCMode_Sell	1
enumItemConsumeMode	4	enumItemCMode_Auction	2
enumItemConsumeMode	4	enumItemCMode_Adrade	3
enumItemConsumeMode	4	enumItemCMode_Enchaser	4
enumItemConsumeMode	4	enumItemCMode_UsingTimesEnd	5
enumItemConsumeMode	4	enumItemCMode_UsingTimeOut	6
enumItemConsumeMode	4	enumItemCMode_ExpiredTimeOut	7
enumItemConsumeMode	4	enumItemCMode_Eat_Quick	8
enumItemConsumeMode	4	enumItemCMode_Eat	9
enumItemConsumeMode	4	enumItemCMode_Consume	10
enumItemConsumeMode	4	enumItemCMode_ErrorLost_Stack	11
enumItemConsumeMode	4	enumItemCMode_Pickup	12
enumItemConsumeMode	4	enumItemCMode_CommonScript	13
enumItemConsumeMode	4	enumItemCMode_DupedItem	14
enumItemConsumeMode	4	enumItemCMode_ErrorLost_PK	15
enumItemConsumeMode	4	enumItemCMode_ErrorLost_ThrowAllItem	16
enumItemConsumeMode	4	enumItemCMode_RealConsume_End	16
enumItemConsumeMode	4	enumItemCMode_Stack	17
enumMyState	4	enumMyState_error	0
enumMyState	4	enumMyState_empty	1
enumMyState	4	enumMyState_inited	2
enumMyState	4	enumMyState_loaded	3
enumPartnerSubProtocolType	4	partner_s2c_ctrl_setcurpartner	0
enumPartnerSubProtocolType	4	partner_s2c_ctrl_calloutcurpartner	1
enumPartnerSubProtocolType	4	partner_s2c_ctrl_setcurpartnerfollowonly	2
enumPartnerSubProtocolType	4	partner_s2c_ctrl_removepartner	3
enumPartnerSubProtocolType	4	partner_s2c_partner_setname	4
enumPartnerSubProtocolType	4	partner_s2c_fightpartner_syncmin	5
enumPartnerSubProtocolType	4	partner_s2c_fightpartner_syncall	6
enumPartnerSubProtocolType	4	partner_s2c_fightpartner_syncaptitude_life	7
enumPartnerSubProtocolType	4	partner_s2c_fightpartner_syncaptitude_strength	8
enumPartnerSubProtocolType	4	partner_s2c_fightpartner_syncaptitude_hittargetrate	9
enumPartnerSubProtocolType	4	partner_s2c_fightpartner_syncaptitude_defence	10
enumPartnerSubProtocolType	4	partner_s2c_fightpartner_syncaptitude_speed	11
enumPartnerSubProtocolType	4	partner_s2c_fightpartner_syncaptitude_luck	12
enumPartnerSubProtocolType	4	partner_s2c_fightpartner_syncattrib_life	13
enumPartnerSubProtocolType	4	partner_s2c_fightpartner_syncattrib_strength	14
enumPartnerSubProtocolType	4	partner_s2c_fightpartner_syncattrib_hittargetrate	15
enumPartnerSubProtocolType	4	partner_s2c_fightpartner_syncattrib_defence	16
enumPartnerSubProtocolType	4	partner_s2c_fightpartner_syncattrib_speed	17
enumPartnerSubProtocolType	4	partner_s2c_fightpartner_syncattrib_luck	18
enumPartnerSubProtocolType	4	partner_s2c_fightpartner_synccurexp	19
enumPartnerSubProtocolType	4	partner_s2c_fightpartner_syncskill	20
enumPartnerSubProtocolType	4	partner_s2c_fightpartner_setstandbyskill	21
enumPartnerSubProtocolType	4	partner_s2c_fightpartner_levelup	22
enumPartnerSubProtocolType	4	partner_s2c_fightpartner_syncemotion_degree	23
enumPartnerSubProtocolType	4	partner_s2c_fightpartner_settaskvalue	24
enumPartnerSubProtocolType	4	partner_c2s_ctrl_setcurpartner	25
enumPartnerSubProtocolType	4	partner_c2s_ctrl_calloutcurpartner	26
enumPartnerSubProtocolType	4	partner_c2s_ctrl_setcurpartnerfollowonly	27
enumPartnerSubProtocolType	4	partner_c2s_ctrl_removepartner	28
enumPartnerSubProtocolType	4	partner_c2s_partner_setname	29
enumPartnerSubProtocolType	4	partner_c2s_partner_talk	30
enumPartnerSubProtocolType	4	partner_c2s_fightpartner_setstandbyskill	31
enumPartnerSubProtocolType	4	partner_c2s_fightpartner_removekill	32
enumPartnerSubProtocolType	4	partner_c2s_fightpartner_settarget	33
enumPartnerSubProtocolType	4	partner_s2c_fightpartner_syncattrib_curluck	34
enumSize	4	VALIDSIZE	-1
enumSize	4	STANDSIZE	1024
enumSize	4	LARGESIZE	65536
enumSize	4	HUGESIZE	655360
enumType	4	enum_npc	0
enumType	4	enum_player	1
enumType	4	enum_obj	2
enumType	4	enum_missile	3
float_denorm_style	4	denorm_indeterminate	-1
float_denorm_style	4	denorm_absent	0
float_denorm_style	4	denorm_present	1
g2r_BattleExtendPROTOCOL	4	g2r_battle_begin	0
g2r_BattleExtendPROTOCOL	4	g2r_battle_round_result	1
g2r_BattleExtendPROTOCOL	4	g2r_battle_end	2
g2r_CityWarExtendPROTOCOL	4	g2r_CityWarBegin	0
g2r_CityWarExtendPROTOCOL	4	g2r_CityWarSignUp	1
g2r_CityWarExtendPROTOCOL	4	g2r_CityWarSubmitCityTaxRates	2
g2r_CityWarExtendPROTOCOL	4	g2r_CityWarScriptQueryBulletin	3
g2r_CityWarExtendPROTOCOL	4	g2r_CityWarArenaResult	4
g2r_CityWarExtendPROTOCOL	4	g2r_CityWarWarResult	5
g2r_CityWarExtendPROTOCOL	4	g2r_CityWarTongAction	6
g2r_CityWarExtendPROTOCOL	4	g2r_CityWarEnd	7
r2g_BattleExtendPROTOCOL	4	r2g_battle_begin	0
r2g_BattleExtendPROTOCOL	4	r2g_battle_new_round	1
r2g_BattleExtendPROTOCOL	4	r2g_battle_end	2
r2g_CityWarExtendPROTOCOL	4	r2g_CityWarBegin	0
r2g_CityWarExtendPROTOCOL	4	r2g_CityWarReplyBulletin	1
r2g_CityWarExtendPROTOCOL	4	r2g_CityWarMsg2Player	2
r2g_CityWarExtendPROTOCOL	4	r2g_CityWarTongInfoSync	3
r2g_CityWarExtendPROTOCOL	4	r2g_CityWarEnd	4
