struct	size
._10	4
._100	4
._104	8
._105	12
._106	8
._107	28
._109	428
._111	120
._124	8
._143	1
._150	4
._155	8
._157	12
._158	15
._159	26
._160	8
._161	6
._163	4
._164	80
._165	804
._166	17612
._170	4
._172	1
._173	2
._174	4
._175	2
._176	4
._177	128
._180	8
._181	12
._182	32
._183	44
._184	68
._185	12
._186	4
._192	24
._195	16
._198	20
._2	8
._201	8
._202	12
._203	8
._204	28
._205	12
._206	12
._207	428
._208	120
._209	12
._211	152
._212	148
._213	21
._214	8
._215	12
._216	132
._217	12
._218	20
._219	12
._220	70
._221	42
._222	40
._223	42
._224	42
._225	46
._226	40
._227	24
._228	77
._229	36
._230	40
._231	40
._232	54
._233	60
._234	406
._235	53
._236	12
._237	60
._238	406
._239	108
._240	54
._241	8
._242	12
._243	8
._244	8
._245	12
._246	8
._247	28
._248	42
._249	12
._250	60
._251	152
._252	148
._253	132
._254	152
._255	148
._256	132
._257	36
._258	406
._259	12
._260	12
._261	12
._262	152
._263	148
._264	132
._265	36
._267	12
._268	24
._269	8
._27	8
._270	8
._271	24
._272	8
._273	152
._274	152
._275	24
._276	8
._277	152
._278	108
._279	24
._28	4
._280	8
._283	8
._284	108
._286	108
._29	12
._3	8
._30	28
._32	428
._34	120
._4	16
._43	8
._44	4
._45	12
._5	16
._51	8
._52	4
._53	12
._55	32
._56	8
._57	10
._58	24
._59	16
._60	16
._67	16
._68	16
._84	8
._9	24
._91	24
._92	4
._93	3
ARENARESULT	37
ARENAROUND	5
AUCTION_ADDPRICE_C2S	16
AUCTION_ADDPRICE_G2R	54
AUCTION_GETFAILEDITEM_G2R	42
AUCTION_GETSALEMONEY_G2R	42
AUCTION_ITEMINFO_S2C	9
AUCTION_JOIN_C2S	8
AUCTION_JOIN_G2R	46
AUCTION_NOTIFY_S2C	5
AUCTION_OPENSUBMIT_S2C	4
AUCTION_PRICEINCREASE_S2C	46
AUCTION_PROTOCOLHEADER	4
AUCTION_QUERYITEMINFO_G2R	39
AUCTION_QUERYLADDERRESULT_S2C	6
AUCTION_QUERYLADDER_G2R	38
AUCTION_QUITREQUEST_C2S	8
AUCTION_QUITREQUEST_G2R	42
AUCTION_QUIT_S2C	4
AUCTION_RELAYHEADER_G2R	38
AUCTION_RELAYHEADER_R2G	6
AUCTION_REPLYSCRIPTASK_R2G	11
AUCTION_RETURNITEM_R2G	70
AUCTION_RETURNMONEY_R2G	10
AUCTION_SCRIPTASK_G2R	38
AUCTION_SUBMITITEMALLOWED_R2G	18
AUCTION_SUBMITITEM_C2S	20
AUCTION_SUBMITITEM_REQUEST_G2R	54
AUCTION_SUBMIT_ITEM_G2R	106
AUCTION_TRADERESULT_G2R	43
AUCTION_TRADE_R2G	86
AccountCmp	1
Action	136
AuctionItemInfo	76
AuctionLadderItemInfo	140
BATTLE_NEW_ROUND_R2G	718
BATTLE_RELAYHEADER_G2R	2
BATTLE_RELAYHEADER_R2G	2
BATTLE_ROUND_RESULT_G2R	12
BOX_INFO_SYNC	5
BOX_OPERATE_COMMAND	14
BULLETIN_CONTENT_DATA	807
BULLETIN_CONTENT_QUERY	17
BULLETIN_SUMMARY_DATA	965
BinSTree<KItemDropRateNode>	12
Bonus	12
Breaklabel	12
BuySellInfo	2012
C2S_ACCEPT_TEAM_MEMBER	8
C2S_ADD_TAG	65
C2S_APPLY_ADD_TEAM	8
C2S_APPLY_CREATE_TEAM	8
C2S_APPLY_LEAVE_TEAM	8
C2S_APPLY_TEAM_INFO	8
C2S_APPLY_TEAM_OPEN_CLOSE	8
C2S_DEL_TAG	5
C2S_GET_TAGS_REQUEST	33
C2S_SET_FRIEND_PUBLISH_FLAG	2
C2S_SYNCEND	9
C2S_TEAM_CHANGE_CAPTAIN	8
C2S_TEAM_DISMISS	8
C2S_TEAM_INVITE_ADD	8
C2S_TEAM_KICK_MEMBER	8
C2S_TEAM_REPLY_INVITE	9
C2S_TONG_CHECK_APPLYER_STATE_RESPOND	83
CChatConnection	676
CChatFriend	56
CChatFriendTeam	48
CChatRoom	80
CChatRoomEvent	4
CChatRoomPlayerMsgProcess	100
CChatRoomRelayMsgProcess	144
CChatRooms	68
CClientConnection	676
CClientPingConnection	692
CDatabaseConnection	676
CEquipTable<KBPT_Equip_Platina,4>	12
CEquipTable<KBPT_Equipment_Gold,1>	12
CGatewayConnection	676
CHATROOM_C2S_GETMEMBERLIST	36
CHATROOM_C2S_HEAD	4
CHATROOM_C2S_MEMBER	68
CHATROOM_C2S_PASSWORD	52
CHATROOM_C2S_ROOM	36
CHATROOM_C2S_TALK	38
CHATROOM_HEAD	2
CHATROOM_MEMBER	37
CHATROOM_R2S_MEMBER	67
CHATROOM_R2S_SYNCBLACKLIST	66
CHATROOM_RBC_CREATEROOM	87
CHATROOM_RBC_DESTROYROOM	34
CHATROOM_RBC_ENTERROOM	71
CHATROOM_RBC_MEMBER	66
CHATROOM_RBC_PASSWORD	50
CHATROOM_RBC_ROOMTIME	38
CHATROOM_RBC_TALK	68
CHATROOM_ROOMINFO	72
CHATROOM_S2C_HEAD	4
CHATROOM_S2C_KICKEDOUT	36
CHATROOM_S2C_MEMBERLIST	43
CHATROOM_S2C_ROOM	37
CHATROOM_S2C_ROOMLIST	10
CHATROOM_S2R_CLOSEROOM	34
CHATROOM_S2R_CREATE	86
CHATROOM_S2R_ENTERROOM	87
CHATROOM_S2R_M2M	98
CHATROOM_S2R_MEMBER	66
CHATROOM_S2R_PASSWORD	82
CHATROOM_S2R_ROOMTIME	70
CHATROOM_S2R_TALK	68
CHATROOM_SBC_CLOSEROOM	36
CHATROOM_SBC_ENTERROOM	73
CHATROOM_SBC_LIFETIMECHANGE	40
CHATROOM_SBC_MEMBER	68
CHAT_ADD_FRIEND_COMMAND	5
CHAT_ADD_FRIEND_FAIL_SYNC	5
CHAT_ADD_FRIEND_SYNC	41
CHAT_APPLY_ADD_FRIEND_COMMAND	263
CHAT_APPLY_ADD_FRIEND_SYNC	293
CHAT_APPLY_SEND_ONE_FRIEND_NAME_COMMAND	5
CHAT_CHANNELCHAT_CMD	15
CHAT_CHANNELCHAT_HEAD	1
CHAT_CHANNELCHAT_SYNC	44
CHAT_DELETE_FRIEND_COMMAND	5
CHAT_DELETE_FRIEND_SYNC	5
CHAT_DYNCHANNEL_FINIMSG	4
CHAT_DYNCHANNEL_HEAD	2
CHAT_DYNCHANNEL_RECVMSG	6
CHAT_DYNCHANNEL_SENDMSG	38
CHAT_DYNCHANNEL_SYNCMSG	266
CHAT_EVERYONE	5
CHAT_FRIEND_OFFLINE_SYNC	5
CHAT_FRIEND_ONLINE_SYNC	9
CHAT_GROUPMAN	9
CHAT_LOCAL_CHANNEL	13
CHAT_LOGIN_FRIEND_NAME_SYNC	43
CHAT_LOGIN_FRIEND_NONAME_SYNC	9
CHAT_MSG_EX	68
CHAT_NPCCHAT	7
CHAT_ONE_FRIEND_DATA_SYNC	41
CHAT_REDELETE_FRIEND_COMMAND	5
CHAT_REFUSE_FRIEND_COMMAND	5
CHAT_REFUSE_FRIEND_SYNC	35
CHAT_RELEGATE	22
CHAT_SCREENSINGLE_ERROR_SYNC	36
CHAT_SET_CHANNEL_COMMAND	5
CHAT_SOMEONECHAT_CMD	40
CHAT_SPECMAN	13
CHAT_TEST_MSG	11
CHAT_TRANSMIT	11
CITYSUMMARY	114
CITYWAR_ARENARESULT_G2R	43
CITYWAR_COMMONINPUT	77
CITYWAR_COMMONINPUTNUMBER	8
CITYWAR_COMMONINPUTSTRING	6
CITYWAR_MSG2PLAYER_R2G	8
CITYWAR_OPENCITYMANAGE_S2C	16
CITYWAR_PROTOCOLHEADER	4
CITYWAR_RELAYHEADER_G2R	2
CITYWAR_RELAYHEADER_R2G	2
CITYWAR_REPLYBULLETIN_R2G	8
CITYWAR_SCRIPTQUERYBULLETIN_G2R	34
CITYWAR_SIGNUP_G2R	74
CITYWAR_SUBMITCITYTAXRATES_C2S	16
CITYWAR_SUBMITCITYTAXRATES_G2R	78
CITYWAR_TAXRATES	8
CITYWAR_TONGACTION_G2R	39
CITYWAR_TONGINFOSYNC_R2G	70
CITYWAR_WARRESULT_G2R	7
CITY_OWNER_QUERY	4
CLEAR_TONG_CLAIMWAR_SYNC	4
CRegCompiler	20
CRegCompilerBase	16
CRegErrorHandler	4
CRegExecutor	24
CRegProgramAccessor	4
CRegValidator	24
CRoleNameChangeHistory	112
CSpectatorMap	5080
CString	4
CTaskList	12
CTextFilter	3096
CTongConnection	692
CTongTax	356
CTranConnection	676
CURPLAYER_NORMAL_SYNC	14
CURPLAYER_SYNC	68
CallInfo	20
CallS	8
Capture	264
ClientValidCode	12
Closure	28
Connection	8
Constdesc	8
DISMISS_RELATION	98
DOING_FRAME	8
EXTEND_HEADER	2
EXTEND_PASSTOBEVY	6
EXTEND_PASSTOSOMEONE	12
FIGHT_PARTNER_SIMPLE_INFO_1	9
FIGHT_PARTNER_SIMPLE_INFO_2	10
FIGHT_PARTNER_SIMPLE_INFO_4	12
FIGHT_PARTNER_SKILL_SYNC	15
FIGHT_PARTNER_SYNC_ALL	105
FIGHT_PARTNER_SYNC_MIN	12
FILE	148
FILETIME	8
FOUNDRY_CLIENTSEND	204
FOUNDRY_RESULT	7
FRIEND_ASSOCIATE	3
FRIEND_ASSOCIATEBEVY	2
FRIEND_STATE	3
FuncState	1228
GCState	8
GIVE_SOMETHING	30
GM_EXECUTE_COMMAND	38
GM_GET_PLAYER_AT_GW_SYNC	78
GPI_VIEW_ROLLING_ITEM	71
GSTongInfo	36
GUID	16
GameStatus	48
GiveItemPos	5
Hash	24
ICallBack	4
IChatRoomEvent	4
ICoder	4
ICurrency	4
IEnchaser	4
IEqupTable	4
IGameServer	4
IItemEnv	4
IKLock	4
IKMemFileNotify	4
ILeagueDatabase	4
INSERTRET	8
IOCtrl	16
IRoleValEvaluator	4
IServerCore	4
ISkill	4
ITEMPARAM	36
ITEM_AUTO_MOVE_SYNC	7
ITEM_BIND_SYNC	9
ITEM_COUNT_SYNC	9
ITEM_DURABILITY_CHANGE	13
ITEM_MASK	16
ITEM_REMOVE_SYNC	5
ITEM_REPAIR	9
ITEM_SYNC	80
ITextFilter	4
ITimer	4
ITimerList	4
ITongDataSender	4
Init	1
Item	8
ItemOption	12
KACCOUNT_INFO2	84
KACCOUNT_LIMITTIME_INFO	12
KActionScriptState	6408
KActiveMagicAttr	20
KActor	28
KAlloctorT<KTongData>	4
KAlloctorT<KTongMember>	4
KAlloctorT<KTongWorkshop>	4
KAntiBotMan	112
KAntiBotSignCodeMan	88
KAtlasEnchaser	4
KAuctionProcess	52
KAutoThreadLock	4
KBASICPROP_BASEDATA	164
KBASICPROP_BASEDATA_TOOL	164
KBASICPROP_BROKEN_EQUIP	148
KBASICPROP_EQUIPMENT	296
KBASICPROP_EQUIPMENT_GOLD	340
KBASICPROP_EQUIPMENT_GOLD_TOOL	324
KBASICPROP_EQUIPMENT_TOOL	296
KBASICPROP_EQUIP_EXT_SUITE	316
KBASICPROP_EQUIP_PLATINA	372
KBASICPROP_EQUIP_PLATINA_TOOL	356
KBASICPROP_EQUIP_SUITE	300
KBASICPROP_EQUIP_SUITE_TOOL	300
KBASICPROP_MAGICORSCRIPT	188
KBASICPROP_MEDICINE	188
KBASICPROP_MEDMATERIAL	188
KBASICPROP_MINE	164
KBPT_BrokenEquip	276
KBPT_ClassMAIT	12
KBPT_ClassMAIT_Tool	12
KBPT_ClassifiedMAT	12
KBPT_Equip_Platina	276
KBPT_Equip_Platina_Tool	276
KBPT_Equipment	276
KBPT_Equipment_Gold	276
KBPT_Equipment_Gold_Tool	276
KBPT_ExtSuite_ActivateCount	48
KBPT_GoldEqMagicAttrib_TF	372
KBPT_GoldEqMagicAttrib_TF_Tool	372
KBPT_MagicAttribLevelInfo	372
KBPT_MagicAttribLevelInfo_Tool	372
KBPT_MagicAttrib_TF	372
KBPT_MagicAttrib_TF_Tool	372
KBPT_MagicOrScript	276
KBPT_MedMaterial	276
KBPT_Medicine	276
KBPT_Mine	276
KBPT_Quest	276
KBPT_Suite_ActivateCount	24
KBPT_Suite_Equipment	276
KBPT_TownPortal	276
KBUFFER	12
KBUYINF	32
KBasicPropertyTable	276
KBasicPropertyTable_Tool	276
KBesetMap	2
KBigPackageSender<_KSenderImpl,TSyncFiles_ToClient_Header>	44
KBishopProcess	28
KBufAllocator	96
KBulletin	1052
KBuySell	628
KC2S_TONG_ACCEPT_OR_REFUSE	76
KC2S_TONG_ADD_TO_APPLY_LIST	48
KC2S_TONG_GET_APPLY_LIST	11
KC2S_TONG_SAVE_ZHAOMU_INFO	141
KCITYINFO	115
KCONNECTION	24
KChannelAlias	24
KChannelProtocol	4
KCharsetTable	32
KChatChannel	28
KChatChannels	28
KChatProcess	8
KCityWarDataCore	1852
KCityWarDataGS	1876
KCityWarProcess	1
KClientProcess	12
KCodec	4
KCodecLzo	12
KCoder2	4
KColorTable	11
KCombinFileSection	8
KCommonPartTaskValue	80
KCompoundPart	20
KControlTable	44
KCoreConnectInfo	4
KCtrlTable	12
KCurrency	1
KCurrencyManager	2436
KCurrency_T<CURRENCYTYPE_ARENA_CREDITS>	4
KCurrency_T<CURRENCYTYPE_COIN>	4
KCurrency_T<CURRENCYTYPE_CONTRIBUTION>	4
KCurrency_T<CURRENCYTYPE_ENERGY>	4
KCurrency_T<CURRENCYTYPE_FUYUAN>	4
KCurrency_T<CURRENCYTYPE_GOLDCOIN>	4
KCurrency_T<CURRENCYTYPE_GOLDCOIN_NEW>	4
KCurrency_T<CURRENCYTYPE_GOLDCOIN_SCORE>	4
KCurrency_T<CURRENCYTYPE_HONOUR>	4
KCurrency_T<CURRENCYTYPE_MONEY>	4
KCurrency_T<CURRENCYTYPE_REFINING>	4
KCurrency_T<CURRENCYTYPE_RESPECT>	4
KCurrency_T<CURRENCYTYPE_SCORE>	4
KDBItemData_AutoPtr	16
KDWordSetDataClass	52
KDataBaseClass	28
KDataMapDataClass<KTongData>	56
KDataMapDataClass<KTongMember>	56
KDataMapDataClass<KTongUnion>	56
KDataMapDataClass<KTongWorkshop>	56
KDataRow_SDD	12
KDataTableManager	1
KDataTable_SDD	16
KDepack	65576
KDiceBase	56
KDiceGame	104
KDiceManage	52
KDiceNormal	172
KDll	4
KDopack	65560
KDungeonMap	56
KDungeonMapManager	24
KDupedItemBase<KItem>	28
KDupedItemDeal	28
KDupedItemSetting	100
KEMPIRE_DATA	94
KEMPIRE_HISTORY	98
KEMPIRE_INFO	130
KEXCHANGING	40
KEYNODE	16
KEmpire	292
KEnchaserSet	1
KEnpack	24
KEnumChatChannel	12
KEnumChatClient	12
KEnumObj<KChatChannel*>	12
KEnumObj<TChatClient>	12
KEnumObj<short unsigned int>	12
KEnumWord	12
KEquipPropTblIdx	8
KFaction	2040
KFightPartner	432
KFile	16
KFileLib<KIniFile>	24
KFileLib<KTabFile>	24
KFileSyncCenterGS	21
KFileSyncToolGS	12
KFineryEnchaser	4
KForbitItem	96
KForbitItemBase<KItem,KIniFile,8>	96
KForbitProp	12
KFoundryTollgate	24
KGLOG_PARAM	8200
KG_CpuTicker<KSG_LogFile>	16
KGlobalMissionArray	1507348
KGlobalValue	2744
KGoddessProcess	24
KGoods	900
KGottaAttr	20
KHeavenLib	12
KHostProcess	140
KILLER_CANCELTASK	8
KILLER_CANCELTASK_G2R	38
KILLER_CANCELTASK_R2G	10
KILLER_CREATETASK	74
KILLER_CREATETASK_FAILED	10
KILLER_GETMONEY	6
KILLER_NOTIFY	5
KILLER_PK	66
KILLER_PROTOCOLHEADER	4
KILLER_QUERYKILLEE	46
KILLER_QUERYKILLEE_RESULT0	50
KILLER_QUERYKILLEE_RESULT1	87
KILLER_QUERYRESULT_S2C	57
KILLER_QUERYTASK_G2R	38
KILLER_QUERYWISEMAN	42
KILLER_QUERYWISEMAN_C2S	36
KILLER_REPLYSCRIPT	24
KILLER_SCRIPTASK	34
KILLER_SUBMITTASK	44
KILLER_TAKETASK	8
KILLER_TAKETASK_G2R	38
KINFO	8
KITEM	12
KITEM_ATTRIBUTE	452
KITEM_CONSUME	8
KITabFile	4
KIncidentalValue	4
KIndexNode	24
KIniFile	88
KInlineControl	268
KInlineCtrlTool	44
KIntranet	1
KInventory	28
KItem	632
KItemChangeRes	208
KItemCompounder	4
KItemDropRate	64
KItemDropRateNode	204
KItemDropRateTree	12
KItemEnchaser	8
KItemEnvAuction<7>	1032
KItemEnvAuction<9>	1032
KItemEnvBuySell	1036
KItemEnvCustom	1036
KItemEnvPlayer	1032
KItemGenerator	22316
KItemID	24
KItemInfo	152
KItemList	20000
KItemParam	68
KItemSet	3308
KItemValuator	304
KItemValueInfo	416
KItemValueSetting	76
KKEY	8
KKillerTask	148
KLARGEPACK_HEAD	6
KLENPROTOCOL	3
KLEX	8
KLadder	17636
KLeagueAcceptEvent<KLeagueManager>	1
KLeagueAgentT<KLeagueMemberInfoEx,KLeagueDataSender<KLeagueMemberInfoEx, KLeagueSendDataToRelay>,KLeagueObjAllocator<KLeagueMemberInfoEx> >	132
KLeagueDataAccepter<KLeagueManager,KLeagueAcceptEvent<KLeagueManager>,KLeagueScriptRunner>	12
KLeagueDataSender<KLeagueMemberInfoEx,KLeagueSendDataToRelay>	100
KLeagueDataSender<KOneLeagueInfo,KLeagueSendDataToRelay>	100
KLeagueManager	28
KLeagueManagerAgent	308
KLeagueManagerAgentT<KOneLeagueInfo,KLeagueDataSender<KOneLeagueInfo, KLeagueSendDataToRelay>,KLeagueObjAllocator<KOneLeagueInfo> >	308
KLeagueMemberInfo	56
KLeagueMemberInfoEx	64
KLeagueObjAllocator<KLeagueMemberInfoEx>	32
KLeagueObjAllocator<KOneLeagueInfo>	32
KLeagueScriptRunner	1
KLeagueSendDataToRelay	1
KLeagueTaskData	48
KLevelAdd	9900
KLibFuncs	8
KLibFuncsManager	1
KLibOfBPT	22224
KLibOfBPT_Tool	16068
KLinkArray	12
KLinkArrayTemplate<KMission,10u>	296036
KLinkArrayTemplate<KMission,50u>	1480036
KLinkArrayTemplate<KMsgInfo::TMsgInfo,200u>	42436
KLinkArrayTemplate<KPlayerPartner,3u>	144
KLinkArrayTemplate<KTimerTaskFun,3u>	96
KLinkArrayTemplate<TMissionPlayerInfo,1200u>	28836
KLinkNode	8
KList	12
KListSet	16
KLottery	916
KLotteryCenter	72
KLotteryInfo	12
KLotteryInfo_RandID	16
KLotteryManager	344
KLotteryQuestion	1052
KLottery_RandID	3580
KLuaCall	12
KLuaScript	308
KLuaScriptSet	316
KLuaString	24
KMAGICATTR_SCALE	8
KMAXDURABILITY	8
KMagicAttrib	16
KMagicAttribInfo	48
KMagicDesc	344
KMagicGenerator	16068
KMagicValue	60
KMapPos	24
KMemClass	8
KMemFile	12
KMemFileManager	60
KMemFileNotifyHelper	12
KMemList	12
KMemStack	56
KMemberAlloctor	8
KMission	29600
KMissionArray<KMission,10u>	323348
KMissionArray<KMission,50u>	1507348
KMissionPlayerArray	28836
KMissionTimerArray	356
KMissle	384
KMissleDataStruct	352
KMissleMagicAttribsData	8
KMissleMagicAttribsLink	668
KMissleSet	24
KModuleCfgCenterGS	40
KModuleConfig<KTimerTool>	24
KMsgInfo	84956
KMutex	24
KNameFilter	8
KNewPlayerAttribute	100
KNewProtocolProcess	88
KNode	16
KNpc	6436
KNpcAI	8
KNpcAttribModify	2068
KNpcChatTimer	272
KNpcDeathCalcExp	40
KNpcDiceItem	204
KNpcFeature	40
KNpcFileHead	12
KNpcFindPath	32
KNpcGold	300
KNpcGoldTemplate	5164
KNpcGoldTemplateInfo	172
KNpcSet	8400
KNpcTemplate	4412
KObj	280
KObjAllocator<KBufAllocator::_KHugeBufObj>	32
KObjAllocator<KBufAllocator::_KLargeBufObj>	32
KObjAllocator<KBufAllocator::_KSmallBufObj>	32
KObjAllocator<KFightPartner>	32
KObjAllocator<KLeagueMemberInfoEx>	32
KObjAllocator<KOneLeagueInfo>	32
KObjBuffer	16
KObjBufferList	48
KObjFileHead	12
KObjPool_T<KNpcChatTimer>	20
KObjPool_T<KObjBuffer>	20
KObjPool_T<KProgressBarTimer>	20
KObjPool_T<KScriptTimer>	20
KObjSet	700
KObserver	4
KOfflineActions	16
KOfflineConnections	48
KOneAutoCastSkill	36
KOneLeagueInfo	84
KPARTITEM	8
KPLATINA_MAGICRATE_KEY	8
KPLATINA_MAGICRATE_VAL	12
KPLAYER_LIMITTIME_SYNC	13
KPOS	2
KPROTOCS_NW_INSTATE	38
KPROTOCS_NW_KICKOUT	8
KPROTOGR_DOSCRIPT	17
KPROTOGR_NW_ENTHRONE	68
KPROTOGR_NW_POSITIONCHANGE	40
KPROTOGR_NW_REMARKEMPEROR	6
KPROTOGR_NW_SETNATIONTITLE	34
KPROTOGR_NW_SETTASK	10
KPROTORG_NW_AWARDEMPEROR	6
KPROTORG_NW_CONGRATULATION	60
KPROTORG_NW_FORBIDCHAT	38
KPROTORG_NW_LEVY	10
KPROTORG_NW_LEVYAMOUNT	6
KPROTORG_NW_POSITIONCHANGE	40
KPROTORG_NW_SYNCEMPEROR	132
KPROTORG_NW_SYNCHISTORY	100
KPROTORG_NW_SYNCNATIONTITLE	34
KPROTORG_NW_SYNCREMARK	10
KPROTORG_NW_SYNCSEALOWNER	34
KPROTORG_NW_SYNCTASK	4
KPROTORG_NW_TITLEUPDATE	38
KPROTORG_SCRIPTRESULT	15
KPROTOSC_NW_POSITON	9
KPROTOSC_NW_SYNCEMPEROR	41
KPROTOSC_NW_SYNCNATIONTITLE	36
KPROTO_DUNGEONMAP	23
KPROTO_GS2R_SYNCEND	34
KPROTO_S2C_TMPCAMP	9
KPROTO_SCRIPTPROTOCOL	7
KPROTO_SYNCBALANCE	6
KPROTO_SYNCRESIST	102
KPROTO_TRIPSERVER	32
KPackBuffer	16
KPakFile	56
KPartner	12
KPartnerArray	144
KPartnerDialog	1616
KPartnerSetting	1
KPet	56
KPetData	48
KPlatinaDurability	24
KPlatinaScrollInfo	28
KPlayer	165956
KPlayerChat	116
KPlayerEvent	16
KPlayerEventMan	48
KPlayerFaction	16
KPlayerLimitTime	44
KPlayerMenuState	528
KPlayerMenuStateGraph	560
KPlayerPK	64
KPlayerPartner	36
KPlayerPartnerCtrl	36
KPlayerSet	11348
KPlayerStall	16
KPlayerTask	1380
KPlayerTeam	56
KPlayerTitle	132
KPlayerTong	1272
KPolygon	68
KPrizeLotteryInfoMatrix<KLottery_RandID::KLotteryInfo_RandID>	24
KProgressBarList	24
KProgressBarTimer	580
KProtocolProcess	2176
KQuestion	64
KREFUSE_APPLY_JOIN_TONG	66
KREQUEST_TONG_ZHAOMU_APPLY_JOIN	8
KREQUEST_TONG_ZHAOMU_PAGE_REQUEST	8
KREQUEST_TONG_ZHAOMU_REQUEST	8
KRESIST_ATTR	100
KRET_APPLYINFO	34
KROLEVALUE	32
KRainbowLib	12
KRareMagicValue	128
KRecvPack	16
KRegion	3268
KRegionSearcher	48
KResStringTable	608
KRoleRenameCmd	12
KRoleValEvaluator	20640
KSAVE_TONG_ZHAOMU_REQUEST	143
KSG_ExtPoint	16
KSG_IBItemHelper	568
KSG_LogFile	564
KSOServer	3532
KSPNpc	188
KSPObj	152
KSPTrap	8
KSTAT_DATA_MODIFY	12
KSUBPROTO	4
KSUITE_EQUIPMENT	784
KSYNC_ID_ZHAOMU_APPLY_INFO	6
KSYNC_TONG_APPLY_INFO	14
KSYNC_TONG_ZHAOMU_INFO	141
KSYNC_TONG_ZHAOMU_PAGE_TO_CLIENT	721
KSYNC_TONG_ZHAOMU_TO_CLIENT	143
KSaveAction	12
KScript	4
KScriptEnchaser	60
KScriptGuard	8
KScriptTimer	276
KSendPack	40
KSerializingLoad<long unsigned int,<unnamed>::mget_load<long unsigned int> >	8
KSerializingSave<long unsigned int,<unnamed>::mcpy_store<long unsigned int> >	4
KServerCore	65628
KServerTime	16
KSimpleBuffer	8
KSimpleSync	1
KSimpleThread	12
KSkill	1692
KSkillAdditionData	72
KSkillAutoCast	36
KSkillLevelIncNode	24
KSkillList	3896
KSkillManager	4152040
KSort4MapDataClass<KTongDataList,KTongData,KTongListPageData,25ul,180ul>	36
KSort4MapDataClass<KTongSort4MemberAll<-0x000000001>,KTongMember,KTongMemberPageData,25ul,180ul>	36
KSort4MapDataClass<KTongSort4MemberAll<4>,KTongMember,KTongMemberPageData,25ul,180ul>	36
KSort4MapDataClass<KTongSort4MemberOnline<-0x000000001>,KTongMember,KTongMemberPageData,25ul,180ul>	36
KSort4MapDataClass<KTongSort4MemberOnline<4>,KTongMember,KTongMemberPageData,25ul,180ul>	36
KSort4MapDataClass<KUnionList,KTongUnion,KTongUnionPageData,25ul,180ul>	36
KSpectatorMsgProcess	1
KStatData	16
KStatDataServer	60
KState	16
KStateNode	368
KStoneEnchaser	4
KStoneLikes	1
KStructDataClass<KTongData::tagKPrivateData>	1184
KStructDataClass<KTongMember::tagKPrivateData>	92
KStructDataClass<KTongMemberList<0>::tagKPrivateData>	32
KStructDataClass<KTongMemberList<1>::tagKPrivateData>	32
KStructDataClass<KTongUnion::tagKPrivateData>	60
KStructDataClass<KTongWorkshopList::tagKPrivateData>	32
KSubWorld	409544
KSubWorldMissionArray	323348
KSubWorldSet	32680
KSwitch	24
KSyncFileHelper	1
KSyncHelper_File	1
KSyncHelper_FileList	8
KTEXTRENDERRULE	8
KTONGWAR	8
KTP_CTRL	6
KTRAN_UNIT	12
KTRAP	8
KTRIPCPROTO_GS2R_APPLY	365
KTRIPCPROTO_GS2R_DIFFRES	37
KTRIPCPROTO_GS2R_KICKOUT	33
KTRIPCPROTO_GS2R_LOGIN	37
KTRIPCPROTO_R2GS_NOTIFY	61
KTRIPCPROTO_R2GS_ROLEDIFF	214
KTRIPCPROTO_R2GS_SERVERINFO	33
KTRIPCPROTO_R2GS_SERVERLIST	2
KTRIPCPROTO_R2GS_TASKMAP	81
KTRIPDATA_DIFF	177
KTRIPDATA_EXP	16
KTRIPDATA_ITEM	76
KTRIPDATA_LOGINGS	22
KTRIPDATA_ROLE	328
KTRIPDATA_SKILL	8
KTRIPPROTO_HEAD	1
KTRIPPROTO_SESSION	17
KTRIPSPROTO_B2GS_ROLEDATA	89
KTRIPSPROTO_GS2C_NOTIFYRETURN	137
KTRIPSPROTO_GS2R_DIFF	210
KTRIPSPROTO_GS2R_KICKFAIL	65
KTRIPSPROTO_R2GS_KICKOUT	81
KTRIPSPROTO_R2GS_TASKMAP	81
KTRIPSROTO_R2GS_RETURN	173
KTabFile	32
KTabFileCtrl	1040
KTaskFun	4
KTaskKeyMap	96
KTaskRowSet	16
KTaskSetting	48
KTaskSettings	14524
KTaskTable	28
KTaskTimer	24
KTaskTimerList	288
KTaskTypeMap	52
KTaskValueSynctorBase	4
KTaskValueSynctorSvr_Member	4
KTaskValueSynctorSvr_Tong	4
KTaskValueSynctorSvr_Workshop	4
KTaskValues	32
KTaxRateList	32
KTeam	48
KTeamLeadExp	800
KTeamSet	100
KTextRender	8
KThiefSkill	1824
KThreadLock	28
KTicketInfo	72
KTimerFunArray<KTimerTaskFun,3u,g_MissionTimerCallBackFun>	356
KTimerList	128
KTimerTaskFun	20
KTimerTool	1
KTmpTaskValue<int,256>	1024
KTmpTaskValueEx	24
KTongBaseData	14
KTongData	3640
KTongDataAlloc	4
KTongDataList	388
KTongDataSenderBase	4
KTongDataSenderT<TongExProtocolGC>	104
KTongDataSenderT<TongExProtocolRG>	104
KTongInfo	185
KTongInfoEx	239
KTongListPageData	360
KTongLog	1136
KTongLogic	32
KTongLogic_GameSvr_Apply	32
KTongLogic_GameSvr_Result	32
KTongManagerAgent	620
KTongManagerT<KTongDataSenderT<TongExProtocolRG>,KTongDataSenderT<TongExProtocolGC>,KTongLogic_GameSvr_Apply,KTongLogic_GameSvr_Result,KTongScriptRunner_Core>	612
KTongMember	256
KTongMemberBaseData	9
KTongMemberList<0>	264
KTongMemberList<1>	264
KTongMemberPageData	240
KTongProcess	28
KTongRecord	68
KTongRecordList	48
KTongRightList	52
KTongScriptRunner	4
KTongScriptRunner_Core	4
KTongSendDataToClient	4
KTongSendDataToRelay	4
KTongSetting	1
KTongShowInfo	179
KTongUnion	192
KTongUnionBaseData	18
KTongUnionPageData	460
KTongWar	48
KTongWorkshop	1132
KTongWorkshopList	124
KTongZhaoMuServer	24
KTrade	20
KTrapFileHead	12
KTriDimensionCoord	12
KUiProgressBarData	40
KUnionList	92
KUnionTongList	115
KVersionCfg	8
KWeaponAtlas	1
KWeatherInfo	16
KWeatherMgr	100
KWorkShopAlloctor	8
KWorldMsg	12
KWorldMsgNode	32
KZHAOMU_ACCEPT_OR_REFUSE	38
KZHAOMU_GET_APPLY_INFO	5
KZhaoMuInfo	135
LADDER_DATA	466
LADDER_LIST	7
LADDER_QUERY	4
LADDER_RELAYHEADER_G2R	52
LEADLEVEL	8
LEAGUE_RELAYHEADER	6
L_UTString	24
L_Umaxalign	8
League_RESULT	12
LexState	52
LocVar	12
LocalDispatchMsgChannel	10
MAGICATTR	12
MAP_SUITE_GOLDEQUIP	24
MEMBER_SELF_MIX_DATA	4
MIX_PROTOCOL	132
MapIdIndexPair	6
NOTIFY_CLIENT	9
NOTIFY_SERVER	9
NPCSKILL	48
NPC_CALC_DAMAGE_PARAM	4
NPC_CHGCAMP_SYNC	6
NPC_CHGCURCAMP_SYNC	6
NPC_DEATH_SYNC	5
NPC_FEATURE_SYNC	22
NPC_GOLD_CHANGE_SYNC	7
NPC_JUMP_COMMAND	13
NPC_JUMP_SYNC	13
NPC_NET_COMMAND	22
NPC_NORMAL_SYNC	18
NPC_PET_SYNC	261
NPC_PLAYER_TYPE_NORMAL_SYNC	13
NPC_POS_SYNC	17
NPC_RANKID_SYNC	6
NPC_REMOVE_SYNC	5
NPC_REQUEST_COMMAND	5
NPC_REQUEST_FAIL	5
NPC_REVIVE_SYNC	6
NPC_RUN_COMMAND	13
NPC_RUN_SYNC	13
NPC_SET_MENU_STATE_SYNC	264
NPC_SIT_COMMAND	2
NPC_SIT_SYNC	5
NPC_SKILL_COMMAND	17
NPC_SKILL_SYNC	25
NPC_SLEEP_SYNC	6
NPC_STATE_REQUEST_COMMAND	5
NPC_SYNC	97
NPC_SYNC_STATEINFO	11
NPC_WALK_COMMAND	13
NPC_WALK_SYNC	13
Node	28
OBJ_ADD_SYNC	67
OBJ_MOUSE_CLICK_SYNC	9
OBJ_REQUEST_COMMAND	5
OBJ_SKILL	32
OBJ_SKILL_DATA	32
OBJ_SYNC_DIR	6
OBJ_SYNC_REMOVE	6
OBJ_SYNC_STATE	6
OBJ_SYNC_TRAP_ACT	13
OFFLINELIVE_CLAIM	34
ONE_ATTR_SYNC	9
OPEN_STORE_BOX_SYNC	3
OpProperties	3
PARTNER_CTRL_INFO	5
PARTNER_NAME_SYNC	40
PARTNER_SIMPLE_INFO_1	5
PARTNER_SIMPLE_INFO_2	6
PARTNER_SIMPLE_INFO_4	8
PARTNER_SKILL	9
PARTNER_TASK_VALUE	6
PARTNER_TASK_VALUE_SYNC	14
PING_CLIENTREPLY_COMMAND	9
PING_COMMAND	5
PK_APPLY_ENMITY_COMMAND	5
PK_APPLY_NORMAL_FLAG_COMMAND	2
PK_ENMITY_STATE_SYNC	40
PK_EXERCISE_STATE_SYNC	40
PK_NORMAL_FLAG_SYNC	2
PK_VALUE_SYNC	5
PLAYERCOMM_NOTIFYCHANNELID	40
PLAYER_ADD_BASE_ATTRIBUTE_COMMAND	14
PLAYER_ADD_SKILL_POINT_COMMAND	17
PLAYER_ALL_TASKVALUE_SYNC	641
PLAYER_ATTRIBUTE_SYNC	14
PLAYER_BUY_ITEM_COMMAND	12
PLAYER_DIALOG_NPC_COMMAND	9
PLAYER_DISABLEDFLAG_SYNC	5
PLAYER_DIVIDE_ITEM_COMMAND	10
PLAYER_EAT_ITEM_COMMAND	16
PLAYER_EXP_SYNC2	9
PLAYER_FACTION_DATA	8
PLAYER_FACTION_SKILL_LEVEL	3
PLAYER_GIVEITEMSEND	11
PLAYER_LEAD_EXP_SYNC	5
PLAYER_LEAVE_FACTION	1
PLAYER_LEVEL_UP_SYNC	130
PLAYER_MONEY_SYNC	13
PLAYER_MOVE_ITEM_COMMAND	7
PLAYER_MOVE_ITEM_SYNC	7
PLAYER_NORMAL_SYNC	24
PLAYER_PICKUP_ITEM_COMMAND	12
PLAYER_REVIVAL_POS	16
PLAYER_REVIVAL_POS_DATA	16
PLAYER_SCRIPTACTION_SYNC	916
PLAYER_SELECTUI_COMMAND	17
PLAYER_SELL_ITEM_COMMAND	13
PLAYER_SEND_CHAT_COMMAND	288
PLAYER_SEND_CHAT_DATA_COMMAND	288
PLAYER_SEND_CHAT_DATA_SYNC	316
PLAYER_SEND_CHAT_SYNC	316
PLAYER_SET_PK	2
PLAYER_SKILL_LEVEL_SYNC	15
PLAYER_SYNC	88
PLAYER_TASKVALUE_SYNC	9
PLAYER_THROW_AWAY_ITEM_COMMAND	1
POINT	8
POS	2
PROPINFO	12
PROPINFO_TOOL	12
Pack	16
ParserS	8
PlayerChatCost	16
PlayerItem	20
Proto	72
ProtocolMsg<95>	1
ProtocolPermit	8
QUERY_TASK_RESULT	48
R2S_GET_TAGS_RESPOND	68
R2S_QUERY_STAT_ID_RESPOND	70
RECT	16
RELAY_ASKWAY_DATA	20
RELAY_CONNECT_READY	3
RELAY_DATA	20
RELAY_DYNMAP_CREAT_INFO	7
RELAY_DYNMAP_DELETE_RESULT	7
RELAY_LADDERDATA	467
RELAY_PING	10
RELAY_QUERY_MAP	6
ROLENAME_CHANGE	98
ROLENAME_CHANGE_RESULT	99
Ref	16
Regexp	12
Resource<TChatClient>	1
Resource<short unsigned int>	1
S2C_GET_TAGS_RESPOND	35
S2C_TEAM_ADD_MEMBER	41
S2C_TEAM_APPLY_ADD	8
S2C_TEAM_APPLY_INFO_FALSE	5
S2C_TEAM_AUTO_CHANGE_CAPTAIN	12
S2C_TEAM_CHANGE_CAPTAIN	12
S2C_TEAM_CREATE_TEAM_FALSE	5
S2C_TEAM_CREATE_TEAM_SUCCESS	9
S2C_TEAM_INFO	40
S2C_TEAM_INVITE_ADD	40
S2C_TEAM_LEAVE	8
S2C_TEAM_OPEN_CLOSE	5
S2C_TEAM_SELF_INFO	309
S2C_TEAM_TEAMMATE_LEVEL	9
S2C_TONG_CHECK_APPLYER_STATE	79
S2R_ADD_TAG_REQUEST	98
S2R_DEL_TAG_REQUEST	38
S2R_GET_TAGS_REQUEST	66
S2R_QUERY_STAT_ID_REQUEST	66
S2R_SET_FRIEND_PUBLISH_FLAG	35
S2R_SET_STAT_DATA_REQUEST	74
S2R_UPDATE_STAT_DATA_REQUEST	6
SALE_BOX_SYNC	13
SALE_ITEMBUSSINESS	53
SALE_STORES_CHANGE_SHOP	5
SALE_STORES_SHOP	48
SALE_STORES_SYNC	577
SAppendSkill	8
SCRIPT_INFO	4
SECNODE	28
SEXPORT_NPC_DATA	108
SFactionAttirbute	204
SHOW_MSG_SYNC	9
SIMPLE_INFO_8	9
SKILL_CHANGEAURASKILL_COMMAND	5
SKILL_SEND_ALL_SYNC	483
SNPC_CMD_DATA	24
SPECTATOR_MSG	4
SPECTATOR_MSG_MAXATTR	36
SSkillTableData	272
SStateShowInfo	8
STALL_ADV_SYNC	13
STALL_BUYINFO	28
STALL_ITEMINFO_SYNC	104
STALL_REQUEST	8
STALL_RETVALUE	8
STALL_TAXRATE_SYNC	12
STALL_TRADE_SUCCESS	68
STATE_EFFECT_SYNC	340
STONG_ACCEPT_INSTATE_COMMAND	79
STONG_ACCEPT_MASTER_COMMAND	45
STONG_ADD_MEMBER_COMMAND	148
STONG_ADD_TAX_COMMAND	38
STONG_APPLY_DISPENSE_COMMAND	59
STONG_APPLY_LEAVE_UNION_COMMAND	111
STONG_APPLY_UNION_INFO_COMMAND	15
STONG_BE_INSTATED_SYNC	72
STONG_BE_KICKED_SYNC	40
STONG_BILLBOARD_COMMAND	6
STONG_BILLBOARD_SYNC	389
STONG_CHANGE_AS_SYNC	79
STONG_CHANGE_EXP_COMMAND	47
STONG_CHANGE_EXP_SYNC	56
STONG_CHANGE_JOB_CALL_COMMAND	47
STONG_CHANGE_JOB_CALL_SYNC	48
STONG_CHANGE_MASTER_COMMAND	44
STONG_CHANGE_MASTER_FAIL_SYNC	43
STONG_CHANGE_MASTER_SYNC	38
STONG_CHANGE_MONEY_SYNC	56
STONG_CHANGE_WAR_STATE_SYNC	14
STONG_CHECK_GET_MASTER_POWER_SYNC	44
STONG_CHECK_INSTATE_POWER_SYNC	78
STONG_CREATE_COMMAND	85
STONG_CREATE_FAIL_SYNC	11
STONG_CREATE_UNION_COMMAND	46
STONG_DISMISS_SYNC	42
STONG_DISPENSE_ERROR_SYNC	35
STONG_DISPENSE_SYNC	55
STONG_GM_ADD_TIME_COMMAND	70
STONG_GM_DISMISS_COMMAND	34
STONG_GM_SET_LEVEL_COMMAND	39
STONG_GM_SET_MASTER_COMMAND	66
STONG_HEADER_WITH_PARAM	6
STONG_INSTATE_COMMAND	76
STONG_INSTATE_SYNC	79
STONG_KICK_SYNC	45
STONG_LEAVE_COMMAND	44
STONG_LEAVE_SYNC	39
STONG_LEVEL_BILLBOARD_COMMAND	6
STONG_LEVEL_BILLBOARD_SYNC	429
STONG_LOGIN_DATA_SYNC	71
STONG_ROUTE_PACKAGE	6
STONG_SYSTEM_CHANGE_MONEY_COMMAND	39
STONG_SYSTEM_MOVE_EXP_COMMAND	70
STONG_UNION_ADD_MEMBER_COMMAND	18
STONG_UNION_INFO_SYNC	385
STORE_MONEY_COMMAND	14
SViewItemInfo	64
SWorldRegionTaxData	44
SYNC_WEATHER	2
SYSTEMTIME	16
SameLeagueTypeList	48
SemInfo	8
ServerImage	28
StallViewItemInfo	92
TABOFFSET	8
TASK_ORDER_DATA	65
TASK_PROP	4
TBATTLEDATA_MSG	7
TBonus	8
TBonusRule	96
TBossInfo	8
TBossProp	16
TCharsetBlk	4
TCharsetProp	3
TCharsetTbl	259
TChatChannelInf	2
TChatClient	4
TChatClientInf	4
TChatRoomMemberInf	40
TCheckNewItemAttrib	24
TCompoundParams	20
TCompoundResult	4
TCustomLadder	464
TCustomStructHeader	16
TDBItemDataEx	108
TDBItemDataStd	84
TDBPartnerSkillData	9
TDBSkillData	8
TDBStateData	33
TDBTaskData	8
TData	5
TDbDataBlock	808
TDice	2
TDiceProtocalData	20
TDiceSet	16
TDistribute	72
TDistributeInfo	224
TEXTCMD	4
TEnchaser	1248
TFactory_Func	8
TFeatureInfo	19
TFightPartnerData	17
TFightPartnerData_BaseInfo	112
TFightPartnerData_Skill_Header	21
TFightPartnerData_Task_Header	2
TGS2B_ReadyState	2
TGameMaster_Command	24
THROW_AWAY_ALL_MEDICINE_COMMAND	4
THostExchange	38
TINT	4
TInfo	12
TLadderInfo	268
TLeagueCallBackScript	40
TLeagueDoScript	4
TLeagueDoScriptCB	150
TLeagueMemberData	93
TLeagueMemberDataCB	139
TLeagueMemberTaskCB	153
TLeagueProtocolInfo	8
TLeagueRoleInfo	41
TLeagueTaskCB	105
TLockAccount	37
TM	64
TMINIMAP_OBJ_SYNC	15
TMapBossInfo	80
TModuleCfgItem	11
TModuleCfgItemBase	3
TModuleCfg_SyncToClient	6
TModuleCfg_SyncToGS	7
TMsgInfo	212
TNpcMagicAttrib	8
TONGDATA_1	49
TONGDATA_12	60
TONGDATA_4	52
TONGDATA_8	56
TONGDATA_ATOMDATA_HEAD	48
TONGDATA_BUFFER	52
TONGNAME_CHANGE	102
TONGNAME_CHANGE_RESULT	103
TONGNAME_QUERY	70
TONGNAME_QUERY_RESULT	71
TONG_ACCEPT_MEMBER_COMMAND	13
TONG_APPLY_ADD_COMMAND	8
TONG_APPLY_ADD_SYNC	40
TONG_APPLY_ADD_UNION_COMMAND	8
TONG_APPLY_CHANGE_JOB_CALL_COMMAND	49
TONG_APPLY_CHANGE_MASTER_COMMAND	42
TONG_APPLY_CREATE_COMMAND	14
TONG_APPLY_INSTATE_COMMAND	42
TONG_APPLY_LEAVE_COMMAND	42
TONG_APPLY_UNION_INFO_COMMAND	12
TONG_Add_SYNC	109
TONG_BASE	901
TONG_BASE_REQ	101
TONG_BILLBOARD_COMMAND	4
TONG_BILLBOARD_SYNC	385
TONG_CHANGE_JOB_CALL_SYNC	45
TONG_CHANGE_MASTER_FAIL_SYNC	41
TONG_CHANGE_MONEY_COMMAND	9
TONG_CHANGE_MONEY_RESULT_SYNC	54
TONG_CLAIMWAR_SYNC	8
TONG_CONVENE_COMMAND	16
TONG_CREATE_FAIL_SYNC	5
TONG_CREATE_SYNC	51
TONG_CREATE_UNION_COMMAND	40
TONG_DISPENSE_COMMAND	17
TONG_DISPENSE_ERROR_SYNC	29
TONG_FIGURE_COUNT	21
TONG_FIGURE_MEMBER	230
TONG_ID_NAME	36
TONG_INSTATE_SYNC	76
TONG_KICK_SYNC	43
TONG_LEAVE_UNION_COMMAND	37
TONG_LEVEL_BILLBOARD_COMMAND	4
TONG_LEVEL_BILLBOARD_SYNC	425
TONG_LIST_PAGE_DATA_REQ	3
TONG_MEMBER_BASE	905
TONG_MEMBER_BASE_REQ	105
TONG_MEMBER_ID_NAME	36
TONG_MEMBER_INFO	68
TONG_MEMBER_PAGE_DATA_REQ	8
TONG_MEMBER_RIGHT	9
TONG_MEMBER_TASK	6
TONG_MSG	244
TONG_NPC_CALL_SYNC	72
TONG_RECORD	68
TONG_RECORDLIST_INFO	6806
TONG_REFUSE_ADD_UNION_SYNC	36
TONG_REPLY_ADD_UNION_COMMAND	13
TONG_SELF_INFO_SYNC	115
TONG_SETTING	2812
TONG_TASK	6
TONG_TRANSMIT_APPLY_ADD_UNION_SYNC	76
TONG_UNION_BASE	926
TONG_UNION_BASE_REQ	101
TONG_UNION_ID_NAME	37
TONG_UNION_INFO_SYNC	381
TONG_UNION_PAGE_DATA_REQ	3
TONG_WEEKGOAL_INFO	64
TONG_WORKSHOP_INFO	23
TObject	12
TOneLeagueData	75
TOneLeagueDataCB	121
TParams	68
TPartnerDataBase	5
TPlayerBonus	8
TPlayerEventInfo	32
TPlayerPartnerData	20
TPlayerTitle	96
TProcessData	11
TPromotionSaleDate	24
TQuestion	48
TRADE_APPLY_OPEN_COMMAND	259
TRADE_APPLY_START_COMMAND	9
TRADE_APPLY_START_SYNC	9
TRADE_CHANGE_STATE_SYNC	6
TRADE_DECISION_COMMAND	2
TRADE_DECISION_SYNC	2
TRADE_MONEY_SYNC	5
TRADE_MOVE_MONEY_COMMAND	5
TRADE_REPLY_START_COMMAND	10
TRADE_STATE_SYNC	5
TRYOUT_TIMEOUT_REQ	38
TRYOUT_TIMEOUT_RES	38
TRemoveLeagueCB	98
TRemoveLeagueMemberCB	147
TRingInfo	16
TRoleBaseInfo	369
TRoleData	408
TRoleInstance	41
TRoleList	46
TRoleNameChange	97
TRoleNameChangeResult	98
TRoleNameQuery	101
TRoleNameQueryResult	102
TSaveRoleResult	41
TSelectDiceItem	13
TSendBuf	6
TSetHighLightPos	87
TSimpleSyncData	12
TSkillAdditionInfo	4
TSkillInfo	284
TSkillState	20
TString	24
TSyncFiles_ClientApplySync	9
TSyncFiles_SyncToClient	10
TSyncFiles_ToClient_Header	7
TSyncFiles_ToGS_Header	7
TTabColNode	20
TTabLineNode	20
TTableList	16
TTaskID<unsigned int>	8
TTaskTimer	20
TTellFlagPos	79
TTicket	8
TTitleInfo	20
TTitleSkill	8
TTitleTime	12
TTm	36
TTongBaseInfo	8
TTongBigPackData	5
TTongCallbackScript	40
TTongData_Atom_1	1
TTongData_Atom_12	12
TTongData_Atom_4	4
TTongData_Atom_8	8
TTongData_Atom_Buffer	4
TTongMember_Buffer	16
TUnlockAccount	33
TargetCircle	48
TaskKey	16
TaskSetting	8
TmpList	4
Token	12
TongDataT_Byte	1
TongDataT_DWord	4
TongDataT_INT2	8
TongDataT_INT64	8
TongDataT_Int	4
TongDataT_Record	68
TongDataT_String	32
TongDataT_Task	6
TongData_Member	8
TongData_MemberAdd	42
TongData_MemberDWord	12
TongData_MemberData	13
TongData_MemberINT64	16
TongData_MemberInt	12
TongData_MemberKey	9
TongData_MemberString	40
TongData_MemberTask	14
TongData_Tong	4
TongData_Tong8	12
TongData_TongAdd	75
TongData_TongBuffer	8
TongData_TongByte	5
TongData_TongDWord	8
TongData_TongINT64	12
TongData_TongInt2	12
TongData_TongOnlineList	8
TongData_TongRecord	72
TongData_TongString	36
TongData_TongTask	10
TongData_Union	4
TongData_UnionDWord	8
TongData_UnionTask	10
TongData_Workshop	8
TongData_WorkshopDWord	12
TongData_WorkshopTask	14
TongExHeaderBase	4
TongExProtocolGC	5
TongExProtocolRG	6
TongPort_TongAnnouncement	1033
TongPort_TongRecordListInfo	6811
TongPort_TongWeekGoalInfo	69
TongProt_FigureCount	26
TongProt_FigureMember	235
TongProt_MemberBase	910
TongProt_MemberInfo	73
TongProt_MemberPageData	245
TongProt_MemberRight	6
TongProt_MemberTask	11
TongProt_SelfMemberMixData	9
TongProt_TongBase	906
TongProt_TongInfo	244
TongProt_TongOneData	11
TongProt_TongPageData	365
TongProt_UnionBase	931
TongProt_UnionPageData	465
TongProt_UnionTongList	120
TongProt_WorkshopInfo	28
TopItemInfo	48
TreeNode<KItemDropRateNode>	212
VIEW_EQUIP_COMMAND	5
VIEW_EQUIP_SYNC	1146
VIEW_OTHER_DETAIL_INFO	140
Value	8
WORKSHOP_SETTING	1364
WORLD_SYNC	34
WeaponData	8
XPackElemFileCache	32
XPackFile	36
XPackFileFragmentElemHeader	8
XPackFileFragmentInfo	12
XPackFileHeader	32
XPackIndexInfo	16
XPackList	392
XPackSprFrameInfo	8
ZIO	4116
_Alloc_hider	4
_AptitudeModeSetting	240
_AttribRangeSetting	96
_CharacterSetting	76
_CheckItemDupedMap	24
_ClientCacheData	8
_DataPair	8
_DupedInsert	8
_EmotionSetting	20
_FILETIME	8
_FeatureSetting	20
_GUID	16
_IO_FILE	148
_IO_marker	12
_KColorTable	11
_KCtrlTable	12
_KFileLib<KIniFile>	24
_KFileLib<KTabFile>	24
_KFileLib<KTabFileCtrl>	24
_KGLOG_PARAM	8200
_KMagicDescPrivate	1
_KMissionPlayerArray<TMissionPlayerInfo,1200ul>	28836
_KPartnerArray	144
_KSenderImpl	8
_KTabFileListLoader	12
_List_impl	8
_MATCHPROC	8
_MapParam	12
_OneFigure	4
_OneWorkshop	15
_PartnerBagSetting	16
_PlayerFind	8
_Rb_tree_impl<KPlatinaDurability::less_key,false>	24
_Rb_tree_impl<KPlayerSet::AccountCmp,false>	24
_Rb_tree_impl<KRegion::less_pos,false>	24
_Rb_tree_impl<KSkillManager::less_platina_magicrate_key,false>	24
_Rb_tree_impl<KTongWar::less_tongwar,false>	24
_Rb_tree_impl<account_less,false>	24
_Rb_tree_impl<less_pcstr,false>	24
_Rb_tree_impl<std::less<DupedDef::tagDUPEDITEM_KEY>,false>	24
_Rb_tree_impl<std::less<ItemOption>,false>	24
_Rb_tree_impl<std::less<KItemID>,false>	24
_Rb_tree_impl<std::less<KObserver*>,false>	24
_Rb_tree_impl<std::less<KPlayerEventMan::tagKILLNPCEVENT_KEY>,false>	24
_Rb_tree_impl<std::less<TChatClient>,false>	24
_Rb_tree_impl<std::less<TTaskID<unsigned int> >,false>	24
_Rb_tree_impl<std::less<char>,false>	24
_Rb_tree_impl<std::less<const KTongMember*>,false>	24
_Rb_tree_impl<std::less<int>,false>	24
_Rb_tree_impl<std::less<long unsigned int>,false>	24
_Rb_tree_impl<std::less<short unsigned int>,false>	24
_Rb_tree_impl<std::less<std::basic_string<char, std::char_traits<char>, std::allocator<char> > >,false>	24
_Rb_tree_impl<std::less<tagPlayerDiceData>,false>	24
_Rb_tree_impl<std::less<unsigned int>,false>	24
_ResistSetting	40
_STEAM_PROTOCOL_HEAD	4
_SYSTEMTIME	16
_SaveDataHeader	8
_SaveHeader	4
_SaveNumberData	6
_TABLE	8
_TPair	8
_TPlayerTitleData	16
_TaskValue	6
_VALIDCHAR_RANGE	2
_Vector_impl	12
__FILE	148
__KPartnerArray<KPlayerPartner,3u>	144
__KSkillEnhance	16
__false_type	1
__jmp_buf_tag	156
__pthread_internal_slist	4
__pthread_mutex_s	24
__pthread_slist_t	4
__sigset_t	128
__true_type	1
_tagKDataPair	8
_tagKSyncHeader	17
_tagSyncFileHead	24
_tagTABLE	8
account_less	1
buffer	12
config	12
config_s	12
ct_data	4
ct_data_s	4
deflate_state	5816
dirent	268
expdesc	12
fpos_t	12
ifmap	16
ifreq	32
inflate_blocks_state	4
inflate_blocks_statef	4
inflate_codes_state	4
inflate_codes_statef	4
inflate_huft	8
inflate_huft_s	8
internal_state	4
lconv	56
less_key	1
less_pcstr	1
less_platina_magicrate_key	1
less_pos	1
less_tongwar	1
luaL_Buffer	8204
luaL_reg	8
lua_Debug	96
lua_State	132
lua_TObject	12
lua_longjmp	164
mbstate_t	8
pattern	4
regErr	8
regexp	116
rlimit	8
sockaddr	16
stall_itemprice	8
stall_stalllevelnotallow	8
stall_stallmarkprice	20
stallprotocol_header	4
stat	88
static_tree_desc	4
static_tree_desc_s	4
string	4
stringtable	12
tagAccountUserInfo	52
tagAllCitySummary	4
tagArenaResult	37
tagArenaRound	5
tagBOX_INFO_SYNC	5
tagBOX_OPERATE_COMMAND	14
tagBULLETIN_CONTENT_DATA	807
tagBULLETIN_CONTENT_QUERY	17
tagBULLETIN_SUMMARY_DATA	965
tagBotClientCheck	13
tagBotClientCheckResult	9
tagCHAT_ADD_FRIEND_COMMAND	5
tagCHAT_ADD_FRIEND_FAIL_SYNC	5
tagCHAT_ADD_FRIEND_SYNC	41
tagCHAT_APPLY_ADD_FRIEND_COMMAND	263
tagCHAT_APPLY_ADD_FRIEND_SYNC	293
tagCHAT_APPLY_SEND_ONE_FRIEND_NAME_COMMAND	5
tagCHAT_CHANNELCHAT_HEAD	1
tagCHAT_CHANNELCHAT_SYNC	44
tagCHAT_DELETE_FRIEND_COMMAND	5
tagCHAT_DELETE_FRIEND_SYNC	5
tagCHAT_EVERYONE	5
tagCHAT_FRIEND_OFFLINE_SYNC	5
tagCHAT_FRIEND_ONLINE_SYNC	9
tagCHAT_GROUPMAN	9
tagCHAT_LOCAL_CHANNEL	13
tagCHAT_LOGIN_FRIEND_NAME_SYNC	43
tagCHAT_LOGIN_FRIEND_NONAME_SYNC	9
tagCHAT_ONE_FRIEND_DATA_SYNC	41
tagCHAT_REDELETE_FRIEND_COMMAND	5
tagCHAT_REFUSE_FRIEND_COMMAND	5
tagCHAT_REFUSE_FRIEND_SYNC	35
tagCHAT_RELEGATE	22
tagCHAT_SCREENSINGLE_ERROR_SYNC	36
tagCHAT_SET_CHANNEL_COMMAND	5
tagCHAT_SOMEONECHAT_CMD	40
tagCHAT_SPECMAN	13
tagCHAT_TEST_MSG	11
tagCLEAR_TONG_CLAIMWAR_SYNC	4
tagCURPLAYER_NORMAL_SYNC	14
tagCURPLAYER_SYNC	68
tagChangeExtPoint	49
tagCitySummary	114
tagDayTime	25
tagDynamicUpdateMapID	9
tagEnterGame	33
tagEnterGame2	79
tagExtPointData	92
tagExtPointInfo	32
tagExtendProtoHeader	3
tagFOUNDRY_CLIENTSEND	204
tagFOUNDRY_RESULT	7
tagGIVE_SOMETHING	30
tagGMCmdHeader	34
tagGMExecuteCommand	38
tagGMGetPlayerAtGWSync	78
tagGPI_VIEW_ROLLING_ITEM	71
tagGameSvrInfo	13
tagGateWayKickOut	37
tagGatewayBroadCast	269
tagGuidableInfo	109
tagITEM_AUTO_MOVE_SYNC	7
tagITEM_COUNT_SYNC	9
tagITEM_DURABILITY_CHANGE	13
tagITEM_MASK	16
tagITEM_REMOVE_SYNC	5
tagITEM_REPAIR	9
tagItemSync	80
tagJoinObj	8
tagKFileInfo	520
tagKIB_BuyItemProtocol	61
tagKIB_BuyItemResultProtocol	65
tagKIB_ItemBuyInfo	60
tagKIB_ItemBuyResult	64
tagKIB_ItemUseInfo	52
tagKIB_ItemUseResult	56
tagKIB_UseItemProtocol	53
tagKIB_UseItemResultProtocol	57
tagKILLNPCEVENT_DATA	48
tagKILLNPCEVENT_KEY	20
tagKILLNPCEVENT_VALUE	28
tagKMemFileData	8
tagKPrivateData	64
tagKPrivateSortData	12
tagKeyNode	16
tagLADDER_DATA	466
tagLADDER_LIST	7
tagLADDER_QUERY	4
tagLeaveGame	38
tagLeaveGame2	67
tagLogicLogin	17
tagMINIMAP_OBJ_SYNC	15
tagMapArrangeNotify	12
tagMapIDAssign	14
tagNOTIFY_CLIENT	9
tagNPC_CHGCAMP_SYNC	6
tagNPC_CHGCURCAMP_SYNC	6
tagNPC_DEATH_SYNC	5
tagNPC_GOLD_CHANGE_SYNC	7
tagNPC_JUMP_COMMAND	13
tagNPC_JUMP_SYNC	13
tagNPC_NET_COMMAND	22
tagNPC_NORMAL_SYNC	18
tagNPC_PET_SYNC	261
tagNPC_PLAYER_TYPE_NORMAL_SYNC	13
tagNPC_POS_SYNC	17
tagNPC_RANKID_SYNC	6
tagNPC_REMOVE_SYNC	5
tagNPC_REQUEST_COMMAND	5
tagNPC_REVIVE_SYNC	6
tagNPC_RUN_SYNC	13
tagNPC_SET_MENU_STATE_SYNC	264
tagNPC_SIT_COMMAND	2
tagNPC_SKILL_SYNC	25
tagNPC_SLEEP_SYNC	6
tagNPC_SYNC	97
tagNPC_SYNC_STATEINFO	11
tagNPC_WALK_SYNC	13
tagNotifyPlayerExchange	25
tagNpcSkill	48
tagOBJ_ADD_SYNC	67
tagOBJ_MOUSE_CLICK_SYNC	9
tagOBJ_SYNC_DIR	6
tagOBJ_SYNC_REMOVE	6
tagOBJ_SYNC_STATE	6
tagOBJ_SYNC_TRAP_ACT	13
tagONE_ATTR_SYNC	9
tagOPEN_STORE_BOX_SYNC	3
tagOfflineKickoutAsk	41
tagOfflineKickoutRes	42
tagOfflineRequestAsk	73
tagOfflineRequestReq	65
tagOfflineRequestRes	71
tagOfflineTimeoutRes	69
tagPING_CLIENTREPLY_COMMAND	9
tagPING_COMMAND	5
tagPK_APPLY_ENMITY_COMMAND	5
tagPK_APPLY_NORMAL_FLAG_COMMAND	2
tagPK_ENMITY_STATE_SYNC	40
tagPK_EXERCISE_STATE_SYNC	40
tagPK_NORMAL_FLAG_SYNC	2
tagPK_VALUE_SYNC	5
tagPLAYER_ADD_BASE_ATTRIBUTE_COMMAND	14
tagPLAYER_ADD_SKILL_POINT_COMMAND	17
tagPLAYER_ALL_TASKVALUE_SYNC	641
tagPLAYER_ATTRIBUTE_SYNC	14
tagPLAYER_BUY_ITEM_COMMAND	12
tagPLAYER_DIALOG_NPC_COMMAND	9
tagPLAYER_DISABLEDFLAG_SYNC	5
tagPLAYER_DIVIDE_ITEM_COMMAND	10
tagPLAYER_EAT_ITEM_COMMAND	16
tagPLAYER_EXP_SYNC2	9
tagPLAYER_FACTION_DATA	8
tagPLAYER_FACTION_SKILL_LEVEL	3
tagPLAYER_GIVEITEMSEND	11
tagPLAYER_LEAD_EXP_SYNC	5
tagPLAYER_LEAVE_FACTION	1
tagPLAYER_LEVEL_UP_SYNC	130
tagPLAYER_MONEY_SYNC	13
tagPLAYER_MOVE_ITEM_COMMAND	7
tagPLAYER_MOVE_ITEM_SYNC	7
tagPLAYER_PICKUP_ITEM_COMMAND	12
tagPLAYER_SCRIPTACTION_SYNC	916
tagPLAYER_SELL_ITEM_COMMAND	13
tagPLAYER_SET_PK	2
tagPLAYER_SKILL_LEVEL_SYNC	15
tagPLAYER_SYNC	88
tagPLAYER_TASKVALUE_SYNC	9
tagPLAYER_THROW_AWAY_ITEM_COMMAND	1
tagPOINT	8
tagPROPINFO	12
tagPROPINFO_TOOL	12
tagPermitPlayerExchange	56
tagPermitPlayerLogin	54
tagPlayerDiceData	8
tagPlayerItem	20
tagPlusSrcInfo	8
tagProtoHeader	1
tagProtocolExtendHeader	4
tagProtocolHeader	1
tagProtocolHeader2	5
tagProtocolLengthHeader	3
tagQueryMapInfo	45
tagRECT	16
tagRegisterAccount	33
tagRelaySDBOper	16
tagRelaySDBRecord	15
tagRelayStatAutoHangPlayer	14
tagRelayToGameSvrTestMsg	12
tagReturnChangeExtPoint	45
tagRoleEnterGame	34
tagSALE_BOX_SYNC	13
tagSALE_ITEMBUSSINESS	53
tagSALE_STORES_CHANGE_SHOP	5
tagSALE_STORES_SYNC	577
tagSEND_TASK_ORDER	65
tagSHOW_MSG_SYNC	9
tagSKILL_CHANGEAURASKILL_COMMAND	5
tagSKILL_SEND_ALL_SYNC	483
tagSTATE_EFFECT_SYNC	340
tagSTORE_MONEY_COMMAND	14
tagSYNC_WEATHER	2
tagSearchWay	13
tagSecNode	28
tagSetHighLightPos	87
tagSyncBotSignCode	8
tagTEXTCMD	4
tagTHROW_AWAY_ALL_MEDICINE_COMMAND	4
tagTONG_ACCEPT_MEMBER_COMMAND	13
tagTONG_APPLY_ADD_COMMAND	8
tagTONG_APPLY_ADD_SYNC	40
tagTONG_APPLY_ADD_UNION_COMMAND	8
tagTONG_APPLY_CHANGE_JOB_CALL_COMMAND	49
tagTONG_APPLY_CHANGE_MASTER_COMMAND	42
tagTONG_APPLY_CREATE_COMMAND	14
tagTONG_APPLY_INSTATE_COMMAND	42
tagTONG_APPLY_LEAVE_COMMAND	42
tagTONG_APPLY_UNION_INFO_COMMAND	12
tagTONG_Add_SYNC	109
tagTONG_BILLBOARD_COMMAND	4
tagTONG_BILLBOARD_SYNC	385
tagTONG_CHANGE_JOB_CALL_SYNC	45
tagTONG_CHANGE_MASTER_FAIL_SYNC	41
tagTONG_CHANGE_MONEY_COMMAND	9
tagTONG_CHANGE_MONEY_RESULT_SYNC	54
tagTONG_CLAIMWAR_SYNC	8
tagTONG_CONVENE_COMMAND	16
tagTONG_CREATE_FAIL_SYNC	5
tagTONG_CREATE_SYNC	51
tagTONG_CREATE_UNION_COMMAND	40
tagTONG_DISPENSE_COMMAND	17
tagTONG_DISPENSE_ERROR_SYNC	29
tagTONG_INSTATE_SYNC	76
tagTONG_KICK_SYNC	43
tagTONG_LEAVE_UNION_COMMAND	37
tagTONG_LEVEL_BILLBOARD_COMMAND	4
tagTONG_LEVEL_BILLBOARD_SYNC	425
tagTONG_NPC_CALL_SYNC	72
tagTONG_REFUSE_ADD_UNION_SYNC	36
tagTONG_REPLY_ADD_UNION_COMMAND	13
tagTONG_SELF_INFO_SYNC	115
tagTONG_TRANSMIT_APPLY_ADD_UNION_SYNC	76
tagTONG_UNION_INFO_SYNC	381
tagTRADE_APPLY_OPEN_COMMAND	259
tagTRADE_APPLY_START_SYNC	9
tagTRADE_CHANGE_STATE_SYNC	6
tagTRADE_DECISION_COMMAND	2
tagTRADE_DECISION_SYNC	2
tagTRADE_MONEY_SYNC	5
tagTRADE_MOVE_MONEY_COMMAND	5
tagTRADE_STATE_SYNC	5
tagTabOffset	8
tagTargetNode	8
tagTellFlagPos	79
tagUpdateMapID	6
tagUseSpreaderCDKey	69
tagUseSpreaderCDKeyRet	41
tagVIEW_EQUIP_COMMAND	5
tagVIEW_EQUIP_SYNC	1146
tagWORLD_SYNC	34
tag_STEAM_PROTOCOL_HEAD	4
timespec	8
timeval	8
timezone	8
tm	44
tree_desc	12
tree_desc_s	12
z_stream	56
z_stream_s	56
zio	4116
